cycle,pc,cta_id,cluster_id,warp_id,tid
2000001,1c0,1,1,1,ffffffff
2000014,178,1,1,6,ffffffff
2000022,250,1,1,10,ffffffff
2000022,250,1,1,15,ffffffff
2000033,1c8,1,1,1,ffffffff
2000043,1d0,1,1,1,ffffffff
2000048,258,1,1,10,ffffffff
2000049,258,1,1,15,ffffffff
2000066,188,1,1,6,ffffffff
2000067,180,1,1,6,ffffffff
2000077,190,1,1,6,ffffffff
2000101,268,1,1,15,ffffffff
2000102,260,1,1,15,ffffffff
2000112,270,1,1,15,ffffffff
2000115,1d8,1,1,1,ffffffff
2000134,268,1,1,10,ffffffff
2000149,198,1,1,6,ffffffff
2000167,1e8,1,1,1,ffffffff
2000168,1e0,1,1,1,ffffffff
2000170,1a0,1,1,6,ffffffff
2000178,1f0,1,1,1,ffffffff
2000184,278,1,1,15,ffffffff
2000189,1a8,1,1,4,ffffffff
2000199,1b0,1,1,4,ffffffff
2000203,260,1,1,10,ffffffff
2000205,280,1,1,15,ffffffff
2000213,270,1,1,10,ffffffff
2000215,a8,1,1,8,ffffffff
2000218,1f8,1,1,1,ffffffff
2000237,288,1,1,15,ffffffff
2000239,200,1,1,1,ffffffff
2000252,1b8,1,1,4,ffffffff
2000260,b0,1,1,8,ffffffff
2000260,290,1,1,15,ffffffff
2000270,2a0,1,1,15,ffffffff
2000271,208,1,1,1,ffffffff
2000272,2a8,1,1,15,ffffffff
2000273,1c0,1,1,4,ffffffff
2000274,2b0,1,1,15,ffffffff
2000280,2b8,1,1,15,ffffffff
2000281,210,1,1,1,ffffffff
2000285,2c0,1,1,15,ffffffff
2000286,278,1,1,10,ffffffff
2000305,1c8,1,1,4,ffffffff
2000307,280,1,1,10,ffffffff
2000320,298,1,1,15,ffffffff
2000321,b8,1,1,8,ffffffff
2000329,1d0,1,1,4,ffffffff
2000339,288,1,1,10,ffffffff
2000342,c0,1,1,8,ffffffff
2000349,290,1,1,10,ffffffff
2000355,218,1,1,1,ffffffff
2000359,2a0,1,1,10,ffffffff
2000361,2a8,1,1,10,ffffffff
2000363,2b0,1,1,10,ffffffff
2000369,2b8,1,1,10,ffffffff
2000374,2c0,1,1,10,ffffffff
2000374,c8,1,1,8,ffffffff
2000376,220,1,1,1,ffffffff
2000377,a0,1,1,15,ffffffff
2000422,1d8,1,1,4,ffffffff
2000430,d0,1,1,8,ffffffff
2000441,228,1,1,1,ffffffff
2000451,230,1,1,1,ffffffff
2000456,298,1,1,10,ffffffff
2000474,1e8,1,1,4,ffffffff
2000475,1e0,1,1,4,ffffffff
2000477,a0,1,1,10,ffffffff
2000490,d8,1,1,8,ffffffff
2000498,1f0,1,1,4,ffffffff
2000524,238,1,1,1,ffffffff
2000542,e8,1,1,8,ffffffff
2000543,e0,1,1,8,ffffffff
2000545,240,1,1,1,ffffffff
2000549,1a8,1,1,6,ffffffff
2000558,1f8,1,1,4,ffffffff
2000566,f0,1,1,8,ffffffff
2000566,1b0,1,1,6,ffffffff
2000577,248,1,1,1,ffffffff
2000587,250,1,1,1,ffffffff
2000592,1b8,1,1,6,ffffffff
2000593,f8,1,1,8,ffffffff
2000610,208,1,1,4,ffffffff
2000611,200,1,1,4,ffffffff
2000614,1c0,1,1,6,ffffffff
2000621,210,1,1,4,ffffffff
2000646,108,1,1,8,ffffffff
2000647,100,1,1,8,ffffffff
2000660,258,1,1,1,ffffffff
2000679,1c8,1,1,6,ffffffff
2000694,218,1,1,4,ffffffff
2000702,110,1,1,8,ffffffff
2000702,1d0,1,1,6,ffffffff
2000712,268,1,1,1,ffffffff
2000713,260,1,1,1,ffffffff
2000723,270,1,1,1,ffffffff
2000728,1d8,1,1,6,ffffffff
2000729,118,1,1,8,ffffffff
2000746,228,1,1,4,ffffffff
2000747,220,1,1,4,ffffffff
2000752,a8,1,1,15,ffffffff
2000757,230,1,1,4,ffffffff
2000762,b0,1,1,15,ffffffff
2000781,128,1,1,8,ffffffff
2000782,120,1,1,8,ffffffff
2000796,278,1,1,1,ffffffff
2000814,1e8,1,1,6,ffffffff
2000815,1e0,1,1,6,ffffffff
2000817,280,1,1,1,ffffffff
2000830,238,1,1,4,ffffffff
2000838,130,1,1,8,ffffffff
2000838,1f0,1,1,6,ffffffff
2000849,288,1,1,1,ffffffff
2000852,a8,1,1,10,ffffffff
2000859,290,1,1,1,ffffffff
2000862,b0,1,1,10,ffffffff
2000864,b8,1,1,15,ffffffff
2000869,2a0,1,1,1,ffffffff
2000871,2a8,1,1,1,ffffffff
2000873,2b0,1,1,1,ffffffff
2000879,2b8,1,1,1,ffffffff
2000882,248,1,1,4,ffffffff
2000883,240,1,1,4,ffffffff
2000884,2c0,1,1,1,ffffffff
2000885,c0,1,1,15,ffffffff
2000898,1f8,1,1,6,ffffffff
2000899,138,1,1,8,ffffffff
2000907,250,1,1,4,ffffffff
2000917,c8,1,1,15,ffffffff
2000920,200,1,1,6,ffffffff
2000927,d0,1,1,15,ffffffff
2000934,298,1,1,1,ffffffff
2000935,b8,1,1,10,ffffffff
2000952,148,1,1,8,ffffffff
2000953,140,1,1,8,ffffffff
2000956,a0,1,1,1,ffffffff
2000989,c0,1,1,10,ffffffff
2001021,c8,1,1,10,ffffffff
2001034,258,1,1,4,ffffffff
2001035,d8,1,1,15,ffffffff
2001042,150,1,1,8,ffffffff
2001042,d0,1,1,10,ffffffff
2001053,208,1,1,6,ffffffff
2001063,210,1,1,6,ffffffff
2001087,e8,1,1,15,ffffffff
2001088,e0,1,1,15,ffffffff
2001098,f0,1,1,15,ffffffff
2001101,d8,1,1,10,ffffffff
2001102,158,1,1,8,ffffffff
2001120,268,1,1,4,ffffffff
2001123,160,1,1,8,ffffffff
2001155,e8,1,1,10,ffffffff
2001169,218,1,1,6,ffffffff
2001170,f8,1,1,15,ffffffff
2001187,168,1,1,8,ffffffff
2001188,260,1,1,4,ffffffff
2001191,220,1,1,6,ffffffff
2001192,100,1,1,15,ffffffff
2001197,170,1,1,8,ffffffff
2001199,270,1,1,4,ffffffff
2001224,228,1,1,6,ffffffff
2001225,e0,1,1,10,ffffffff
2001234,230,1,1,6,ffffffff
2001236,f0,1,1,10,ffffffff
2001238,178,1,1,8,ffffffff
2001257,108,1,1,15,ffffffff
2001259,180,1,1,8,ffffffff
2001267,110,1,1,15,ffffffff
2001272,238,1,1,6,ffffffff
2001274,f8,1,1,10,ffffffff
2001291,188,1,1,8,ffffffff
2001293,280,1,1,4,ffffffff
2001301,190,1,1,8,ffffffff
2001307,278,1,1,4,ffffffff
2001309,118,1,1,15,ffffffff
2001326,288,1,1,4,ffffffff
2001328,100,1,1,10,ffffffff
2001342,a8,1,1,1,ffffffff
2001361,248,1,1,6,ffffffff
2001362,120,1,1,15,ffffffff
2001394,108,1,1,10,ffffffff
2001395,240,1,1,6,ffffffff
2001408,198,1,1,8,ffffffff
2001416,290,1,1,4,ffffffff
2001416,b0,1,1,1,ffffffff
2001416,110,1,1,10,ffffffff
2001418,250,1,1,6,ffffffff
2001426,2a0,1,1,4,ffffffff
2001427,128,1,1,15,ffffffff
2001428,2a8,1,1,4,ffffffff
2001429,1a0,1,1,8,ffffffff
2001430,2b0,1,1,4,ffffffff
2001436,2b8,1,1,4,ffffffff
2001437,130,1,1,15,ffffffff
2001441,2c0,1,1,4,ffffffff
2001442,298,1,1,4,ffffffff
2001443,b8,1,1,1,ffffffff
2001444,118,1,1,10,ffffffff
2001465,c0,1,1,1,ffffffff
2001466,120,1,1,10,ffffffff
2001498,c8,1,1,1,ffffffff
2001508,d0,1,1,1,ffffffff
2001511,138,1,1,15,ffffffff
2001530,128,1,1,10,ffffffff
2001532,a0,1,1,4,ffffffff
2001533,260,1,1,6,ffffffff
2001534,140,1,1,15,ffffffff
2001540,130,1,1,10,ffffffff
2001598,268,1,1,6,ffffffff
2001611,d8,1,1,1,ffffffff
2001630,148,1,1,15,ffffffff
2001645,138,1,1,10,ffffffff
2001647,258,1,1,6,ffffffff
2001653,270,1,1,6,ffffffff
2001653,150,1,1,15,ffffffff
2001663,e8,1,1,1,ffffffff
2001664,e0,1,1,1,ffffffff
2001666,140,1,1,10,ffffffff
2001674,f0,1,1,1,ffffffff
2001680,278,1,1,6,ffffffff
2001681,158,1,1,15,ffffffff
2001699,148,1,1,10,ffffffff
2001702,280,1,1,6,ffffffff
2001709,150,1,1,10,ffffffff
2001734,288,1,1,6,ffffffff
2001748,f8,1,1,1,ffffffff
2001766,168,1,1,15,ffffffff
2001767,160,1,1,15,ffffffff
2001769,100,1,1,1,ffffffff
2001782,158,1,1,10,ffffffff
2001790,290,1,1,6,ffffffff
2001790,170,1,1,15,ffffffff
2001800,2a0,1,1,6,ffffffff
2001801,108,1,1,1,ffffffff
2001802,2a8,1,1,6,ffffffff
2001804,2b0,1,1,6,ffffffff
2001805,1a8,1,1,8,ffffffff
2001810,2b8,1,1,6,ffffffff
2001811,110,1,1,1,ffffffff
2001815,1b0,1,1,8,ffffffff
2001815,2c0,1,1,6,ffffffff
2001816,298,1,1,6,ffffffff
2001817,178,1,1,15,ffffffff
2001834,168,1,1,10,ffffffff
2001835,160,1,1,10,ffffffff
2001838,180,1,1,15,ffffffff
2001845,170,1,1,10,ffffffff
2001851,118,1,1,1,ffffffff
2001870,188,1,1,15,ffffffff
2001872,120,1,1,1,ffffffff
2001880,190,1,1,15,ffffffff
2001904,128,1,1,1,ffffffff
2001908,a8,1,1,4,ffffffff
2001914,130,1,1,1,ffffffff
2001917,1b8,1,1,8,ffffffff
2001925,b0,1,1,4,ffffffff
2001938,1c0,1,1,8,ffffffff
2001951,178,1,1,10,ffffffff
2001953,198,1,1,15,ffffffff
2001970,1c8,1,1,8,ffffffff
2001972,180,1,1,10,ffffffff
2001974,1a0,1,1,15,ffffffff
2002006,188,1,1,10,ffffffff
2002007,a0,1,1,6,ffffffff
2002020,138,1,1,1,ffffffff
2002021,b8,1,1,4,ffffffff
2002029,1d0,1,1,8,ffffffff
2002029,190,1,1,10,ffffffff
2002042,140,1,1,1,ffffffff
2002043,c0,1,1,4,ffffffff
2002075,c8,1,1,4,ffffffff
2002088,1d8,1,1,8,ffffffff
2002089,198,1,1,10,ffffffff
2002096,d0,1,1,4,ffffffff
2002107,148,1,1,1,ffffffff
2002110,1a0,1,1,10,ffffffff
2002117,150,1,1,1,ffffffff
2002155,d8,1,1,4,ffffffff
2002157,158,1,1,1,ffffffff
2002174,1e8,1,1,8,ffffffff
2002176,e0,1,1,4,ffffffff
2002209,e8,1,1,4,ffffffff
2002210,1e0,1,1,8,ffffffff
2002219,f0,1,1,4,ffffffff
2002221,1f0,1,1,8,ffffffff
2002224,f8,1,1,4,ffffffff
2002242,168,1,1,1,ffffffff
2002243,160,1,1,1,ffffffff
2002245,100,1,1,4,ffffffff
2002253,170,1,1,1,ffffffff
2002277,108,1,1,4,ffffffff
2002278,200,1,1,8,ffffffff
2002287,110,1,1,4,ffffffff
2002291,1f8,1,1,8,ffffffff
2002292,178,1,1,1,ffffffff
2002310,208,1,1,8,ffffffff
2002313,180,1,1,1,ffffffff
2002326,118,1,1,4,ffffffff
2002334,210,1,1,8,ffffffff
2002345,188,1,1,1,ffffffff
2002355,190,1,1,1,ffffffff
2002360,218,1,1,8,ffffffff
2002373,a8,1,1,6,ffffffff
2002378,128,1,1,4,ffffffff
2002379,120,1,1,4,ffffffff
2002383,b0,1,1,6,ffffffff
2002389,130,1,1,4,ffffffff
2002394,198,1,1,1,ffffffff
2002412,228,1,1,8,ffffffff
2002413,220,1,1,8,ffffffff
2002415,1a0,1,1,1,ffffffff
2002428,b8,1,1,6,ffffffff
2002433,1a8,1,1,15,ffffffff
2002449,c0,1,1,6,ffffffff
2002462,138,1,1,4,ffffffff
2002470,230,1,1,8,ffffffff
2002470,1b0,1,1,15,ffffffff
2002481,c8,1,1,6,ffffffff
2002489,1a8,1,1,10,ffffffff
2002491,d0,1,1,6,ffffffff
2002496,1b8,1,1,15,ffffffff
2002497,238,1,1,8,ffffffff
2002499,1b0,1,1,10,ffffffff
2002514,148,1,1,4,ffffffff
2002515,140,1,1,4,ffffffff
2002518,1c0,1,1,15,ffffffff
2002525,150,1,1,4,ffffffff
2002550,1c8,1,1,15,ffffffff
2002560,1d0,1,1,15,ffffffff
2002564,d8,1,1,6,ffffffff
2002582,248,1,1,8,ffffffff
2002583,240,1,1,8,ffffffff
2002597,1b8,1,1,10,ffffffff
2002598,158,1,1,4,ffffffff
2002599,1d8,1,1,15,ffffffff
2002606,250,1,1,8,ffffffff
2002616,e8,1,1,6,ffffffff
2002620,1c0,1,1,10,ffffffff
2002652,1e8,1,1,15,ffffffff
2002653,1e0,1,1,15,ffffffff
2002663,1f0,1,1,15,ffffffff
2002685,168,1,1,4,ffffffff
2002699,258,1,1,8,ffffffff
2002717,1c8,1,1,10,ffffffff
2002718,e0,1,1,6,ffffffff
2002720,260,1,1,8,ffffffff
2002727,1d0,1,1,10,ffffffff
2002729,f0,1,1,6,ffffffff
2002734,1f8,1,1,15,ffffffff
2002752,268,1,1,8,ffffffff
2002753,160,1,1,4,ffffffff
2002755,200,1,1,15,ffffffff
2002762,270,1,1,8,ffffffff
2002764,170,1,1,4,ffffffff
2002768,1d8,1,1,10,ffffffff
2002769,f8,1,1,6,ffffffff
2002787,208,1,1,15,ffffffff
2002791,1a8,1,1,1,ffffffff
2002797,210,1,1,15,ffffffff
2002801,1b0,1,1,1,ffffffff
2002802,278,1,1,8,ffffffff
2002804,178,1,1,4,ffffffff
2002821,1e8,1,1,10,ffffffff
2002823,100,1,1,6,ffffffff
2002839,218,1,1,15,ffffffff
2002856,108,1,1,6,ffffffff
2002857,1e0,1,1,10,ffffffff
2002858,180,1,1,4,ffffffff
2002866,110,1,1,6,ffffffff
2002868,1f0,1,1,10,ffffffff
2002872,1b8,1,1,1,ffffffff
2002891,288,1,1,8,ffffffff
2002893,220,1,1,15,ffffffff
2002925,228,1,1,15,ffffffff
2002935,230,1,1,15,ffffffff
2002957,188,1,1,4,ffffffff
2002958,280,1,1,8,ffffffff
2002959,1c0,1,1,1,ffffffff
2002967,190,1,1,4,ffffffff
2002969,290,1,1,8,ffffffff
2002972,118,1,1,6,ffffffff
2002991,1c8,1,1,1,ffffffff
2002993,120,1,1,6,ffffffff
2003001,1d0,1,1,1,ffffffff
2003006,238,1,1,15,ffffffff
2003007,198,1,1,4,ffffffff
2003010,298,1,1,8,ffffffff
2003017,2a0,1,1,8,ffffffff
2003019,2a8,1,1,8,ffffffff
2003021,2b0,1,1,8,ffffffff
2003025,128,1,1,6,ffffffff
2003027,2b8,1,1,8,ffffffff
2003028,200,1,1,10,ffffffff
2003029,240,1,1,15,ffffffff
2003032,2c0,1,1,8,ffffffff
2003035,130,1,1,6,ffffffff
2003062,248,1,1,15,ffffffff
2003072,250,1,1,15,ffffffff
2003075,1f8,1,1,10,ffffffff
2003094,208,1,1,10,ffffffff
2003108,1d8,1,1,1,ffffffff
2003160,1e8,1,1,1,ffffffff
2003161,1e0,1,1,1,ffffffff
2003162,a0,1,1,8,ffffffff
2003176,138,1,1,6,ffffffff
2003177,258,1,1,15,ffffffff
2003184,210,1,1,10,ffffffff
2003184,1f0,1,1,1,ffffffff
2003195,1a0,1,1,4,ffffffff
2003198,140,1,1,6,ffffffff
2003230,268,1,1,15,ffffffff
2003231,260,1,1,15,ffffffff
2003241,270,1,1,15,ffffffff
2003244,1f8,1,1,1,ffffffff
2003245,218,1,1,10,ffffffff
2003263,148,1,1,6,ffffffff
2003266,200,1,1,1,ffffffff
2003273,150,1,1,6,ffffffff
2003298,208,1,1,1,ffffffff
2003308,210,1,1,1,ffffffff
2003311,278,1,1,15,ffffffff
2003330,228,1,1,10,ffffffff
2003332,280,1,1,15,ffffffff
2003345,158,1,1,6,ffffffff
2003364,288,1,1,15,ffffffff
2003366,160,1,1,6,ffffffff
2003374,290,1,1,15,ffffffff
2003380,218,1,1,1,ffffffff
2003384,2a0,1,1,15,ffffffff
2003386,2a8,1,1,15,ffffffff
2003388,2b0,1,1,15,ffffffff
2003394,2b8,1,1,15,ffffffff
2003398,168,1,1,6,ffffffff
2003399,2c0,1,1,15,ffffffff
2003399,220,1,1,10,ffffffff
2003401,220,1,1,1,ffffffff
2003408,170,1,1,6,ffffffff
2003410,230,1,1,10,ffffffff
2003414,298,1,1,15,ffffffff
2003433,228,1,1,1,ffffffff
2003435,a0,1,1,15,ffffffff
2003443,230,1,1,1,ffffffff
2003448,178,1,1,6,ffffffff
2003469,180,1,1,6,ffffffff
2003472,1a8,1,1,4,ffffffff
2003482,1b0,1,1,4,ffffffff
2003482,238,1,1,1,ffffffff
2003501,188,1,1,6,ffffffff
2003503,240,1,1,10,ffffffff
2003504,240,1,1,1,ffffffff
2003511,190,1,1,6,ffffffff
2003536,248,1,1,1,ffffffff
2003540,a8,1,1,8,ffffffff
2003546,250,1,1,1,ffffffff
2003549,1b8,1,1,4,ffffffff
2003557,b0,1,1,8,ffffffff
2003568,248,1,1,10,ffffffff
2003570,1c0,1,1,4,ffffffff
2003583,198,1,1,6,ffffffff
2003585,238,1,1,10,ffffffff
2003591,250,1,1,10,ffffffff
2003602,1c8,1,1,4,ffffffff
2003604,1a0,1,1,6,ffffffff
2003618,258,1,1,1,ffffffff
2003619,b8,1,1,8,ffffffff
2003627,1d0,1,1,4,ffffffff
2003640,c0,1,1,8,ffffffff
2003672,c8,1,1,8,ffffffff
2003686,258,1,1,10,ffffffff
2003704,268,1,1,1,ffffffff
2003705,260,1,1,1,ffffffff
2003720,1d8,1,1,4,ffffffff
2003728,d0,1,1,8,ffffffff
2003728,270,1,1,1,ffffffff
2003738,268,1,1,10,ffffffff
2003739,260,1,1,10,ffffffff
2003749,270,1,1,10,ffffffff
2003754,d8,1,1,8,ffffffff
2003755,278,1,1,1,ffffffff
2003772,1e8,1,1,4,ffffffff
2003773,1e0,1,1,4,ffffffff
2003776,280,1,1,1,ffffffff
2003783,1f0,1,1,4,ffffffff
2003808,288,1,1,1,ffffffff
2003811,a8,1,1,15,ffffffff
2003818,290,1,1,1,ffffffff
2003821,b0,1,1,15,ffffffff
2003821,278,1,1,10,ffffffff
2003828,2a0,1,1,1,ffffffff
2003830,2a8,1,1,1,ffffffff
2003832,2b0,1,1,1,ffffffff
2003838,2b8,1,1,1,ffffffff
2003840,e8,1,1,8,ffffffff
2003842,280,1,1,10,ffffffff
2003843,2c0,1,1,1,ffffffff
2003855,1f8,1,1,4,ffffffff
2003874,288,1,1,10,ffffffff
2003876,200,1,1,4,ffffffff
2003884,290,1,1,10,ffffffff
2003890,298,1,1,1,ffffffff
2003891,b8,1,1,15,ffffffff
2003894,2a0,1,1,10,ffffffff
2003896,2a8,1,1,10,ffffffff
2003898,2b0,1,1,10,ffffffff
2003904,2b8,1,1,10,ffffffff
2003908,208,1,1,4,ffffffff
2003909,2c0,1,1,10,ffffffff
2003909,e0,1,1,8,ffffffff
2003912,a0,1,1,1,ffffffff
2003913,c0,1,1,15,ffffffff
2003918,210,1,1,4,ffffffff
2003920,f0,1,1,8,ffffffff
2003945,c8,1,1,15,ffffffff
2003955,d0,1,1,15,ffffffff
2003958,298,1,1,10,ffffffff
2003979,a0,1,1,10,ffffffff
2003983,1a8,1,1,6,ffffffff
2003992,218,1,1,4,ffffffff
2003993,1b0,1,1,6,ffffffff
2004013,220,1,1,4,ffffffff
2004026,d8,1,1,15,ffffffff
2004045,228,1,1,4,ffffffff
2004047,100,1,1,8,ffffffff
2004055,230,1,1,4,ffffffff
2004079,e8,1,1,15,ffffffff
2004080,e0,1,1,15,ffffffff
2004090,f0,1,1,15,ffffffff
2004093,1b8,1,1,6,ffffffff
2004112,108,1,1,8,ffffffff
2004114,1c0,1,1,6,ffffffff
2004127,238,1,1,4,ffffffff
2004129,f8,1,1,8,ffffffff
2004135,110,1,1,8,ffffffff
2004146,1c8,1,1,6,ffffffff
2004148,240,1,1,4,ffffffff
2004156,1d0,1,1,6,ffffffff
2004162,f8,1,1,15,ffffffff
2004181,248,1,1,4,ffffffff
2004183,100,1,1,15,ffffffff
2004196,118,1,1,8,ffffffff
2004204,250,1,1,4,ffffffff
2004215,108,1,1,15,ffffffff
2004217,120,1,1,8,ffffffff
2004225,110,1,1,15,ffffffff
2004230,1d8,1,1,6,ffffffff
2004249,128,1,1,8,ffffffff
2004264,258,1,1,4,ffffffff
2004272,130,1,1,8,ffffffff
2004282,1e8,1,1,6,ffffffff
2004283,1e0,1,1,6,ffffffff
2004293,1f0,1,1,6,ffffffff
2004298,118,1,1,15,ffffffff
2004316,268,1,1,4,ffffffff
2004317,260,1,1,4,ffffffff
2004319,a8,1,1,1,ffffffff
2004319,120,1,1,15,ffffffff
2004332,138,1,1,8,ffffffff
2004340,270,1,1,4,ffffffff
2004340,b0,1,1,1,ffffffff
2004351,128,1,1,15,ffffffff
2004359,a8,1,1,10,ffffffff
2004361,130,1,1,15,ffffffff
2004366,1f8,1,1,6,ffffffff
2004374,b0,1,1,10,ffffffff
2004384,148,1,1,8,ffffffff
2004385,140,1,1,8,ffffffff
2004387,200,1,1,6,ffffffff
2004400,278,1,1,4,ffffffff
2004401,b8,1,1,1,ffffffff
2004408,150,1,1,8,ffffffff
2004419,208,1,1,6,ffffffff
2004422,c0,1,1,1,ffffffff
2004454,c8,1,1,1,ffffffff
2004467,138,1,1,15,ffffffff
2004486,288,1,1,4,ffffffff
2004488,140,1,1,15,ffffffff
2004501,b8,1,1,10,ffffffff
2004509,210,1,1,6,ffffffff
2004509,d0,1,1,1,ffffffff
2004520,148,1,1,15,ffffffff
2004522,c0,1,1,10,ffffffff
2004530,150,1,1,15,ffffffff
2004535,158,1,1,8,ffffffff
2004554,c8,1,1,10,ffffffff
2004556,160,1,1,8,ffffffff
2004570,d8,1,1,1,ffffffff
2004571,218,1,1,6,ffffffff
2004572,158,1,1,15,ffffffff
2004579,d0,1,1,10,ffffffff
2004588,168,1,1,8,ffffffff
2004589,280,1,1,4,ffffffff
2004593,220,1,1,6,ffffffff
2004598,170,1,1,8,ffffffff
2004600,290,1,1,4,ffffffff
2004625,228,1,1,6,ffffffff
2004657,168,1,1,15,ffffffff
2004658,160,1,1,15,ffffffff
2004672,d8,1,1,10,ffffffff
2004680,230,1,1,6,ffffffff
2004680,170,1,1,15,ffffffff
2004690,e8,1,1,1,ffffffff
2004691,e0,1,1,1,ffffffff
2004701,f0,1,1,1,ffffffff
2004706,178,1,1,8,ffffffff
2004714,2a0,1,1,4,ffffffff
2004716,2a8,1,1,4,ffffffff
2004718,2b0,1,1,4,ffffffff
2004724,2b8,1,1,4,ffffffff
2004724,e8,1,1,10,ffffffff
2004725,e0,1,1,10,ffffffff
2004727,180,1,1,8,ffffffff
2004729,2c0,1,1,4,ffffffff
2004740,298,1,1,4,ffffffff
2004741,178,1,1,15,ffffffff
2004742,238,1,1,6,ffffffff
2004743,f8,1,1,1,ffffffff
2004750,f0,1,1,10,ffffffff
2004759,188,1,1,8,ffffffff
2004764,100,1,1,1,ffffffff
2004765,240,1,1,6,ffffffff
2004766,180,1,1,15,ffffffff
2004769,190,1,1,8,ffffffff
2004798,108,1,1,1,ffffffff
2004808,110,1,1,1,ffffffff
2004830,248,1,1,6,ffffffff
2004844,f8,1,1,10,ffffffff
2004852,250,1,1,6,ffffffff
2004862,188,1,1,15,ffffffff
2004863,a0,1,1,4,ffffffff
2004872,190,1,1,15,ffffffff
2004878,198,1,1,8,ffffffff
2004880,118,1,1,1,ffffffff
2004896,108,1,1,10,ffffffff
2004897,100,1,1,10,ffffffff
2004899,1a0,1,1,8,ffffffff
2004901,120,1,1,1,ffffffff
2004978,258,1,1,6,ffffffff
2004979,198,1,1,15,ffffffff
2004986,110,1,1,10,ffffffff
2004997,128,1,1,1,ffffffff
2005000,1a0,1,1,15,ffffffff
2005007,130,1,1,1,ffffffff
2005032,268,1,1,6,ffffffff
2005033,260,1,1,6,ffffffff
2005046,118,1,1,10,ffffffff
2005054,270,1,1,6,ffffffff
2005080,138,1,1,1,ffffffff
2005098,128,1,1,10,ffffffff
2005099,120,1,1,10,ffffffff
2005101,140,1,1,1,ffffffff
2005114,278,1,1,6,ffffffff
2005122,130,1,1,10,ffffffff
2005133,148,1,1,1,ffffffff
2005143,150,1,1,1,ffffffff
2005148,138,1,1,10,ffffffff
2005166,288,1,1,6,ffffffff
2005167,280,1,1,6,ffffffff
2005177,290,1,1,6,ffffffff
2005182,158,1,1,1,ffffffff
2005187,2a0,1,1,6,ffffffff
2005189,2a8,1,1,6,ffffffff
2005191,2b0,1,1,6,ffffffff
2005197,2b8,1,1,6,ffffffff
2005200,148,1,1,10,ffffffff
2005201,140,1,1,10,ffffffff
2005202,2c0,1,1,6,ffffffff
2005216,298,1,1,6,ffffffff
2005224,150,1,1,10,ffffffff
2005234,168,1,1,1,ffffffff
2005235,160,1,1,1,ffffffff
2005237,a0,1,1,6,ffffffff
2005245,170,1,1,1,ffffffff
2005250,158,1,1,10,ffffffff
2005278,1a8,1,1,8,ffffffff
2005284,178,1,1,1,ffffffff
2005288,1b0,1,1,8,ffffffff
2005302,168,1,1,10,ffffffff
2005303,160,1,1,10,ffffffff
2005305,180,1,1,1,ffffffff
2005313,170,1,1,10,ffffffff
2005318,1b8,1,1,8,ffffffff
2005337,188,1,1,1,ffffffff
2005339,1c0,1,1,8,ffffffff
2005347,190,1,1,1,ffffffff
2005347,a8,1,1,4,ffffffff
2005352,178,1,1,10,ffffffff
2005357,b0,1,1,4,ffffffff
2005371,1c8,1,1,8,ffffffff
2005373,180,1,1,10,ffffffff
2005386,198,1,1,1,ffffffff
2005405,188,1,1,10,ffffffff
2005407,1a8,1,1,15,ffffffff
2005407,1a0,1,1,1,ffffffff
2005420,b8,1,1,4,ffffffff
2005428,1d0,1,1,8,ffffffff
2005428,190,1,1,10,ffffffff
2005428,1b0,1,1,15,ffffffff
2005441,c0,1,1,4,ffffffff
2005454,1b8,1,1,15,ffffffff
2005455,1d8,1,1,8,ffffffff
2005456,198,1,1,10,ffffffff
2005473,c8,1,1,4,ffffffff
2005477,1a0,1,1,10,ffffffff
2005478,1c0,1,1,15,ffffffff
2005483,d0,1,1,4,ffffffff
2005542,1c8,1,1,15,ffffffff
2005552,1d0,1,1,15,ffffffff
2005555,d8,1,1,4,ffffffff
2005574,1e8,1,1,8,ffffffff
2005576,e0,1,1,4,ffffffff
2005590,1d8,1,1,15,ffffffff
2005608,e8,1,1,4,ffffffff
2005609,1e0,1,1,8,ffffffff
2005612,a8,1,1,6,ffffffff
2005618,f0,1,1,4,ffffffff
2005620,1f0,1,1,8,ffffffff
2005622,b0,1,1,6,ffffffff
2005624,f8,1,1,4,ffffffff
2005642,1e8,1,1,15,ffffffff
2005643,1e0,1,1,15,ffffffff
2005645,100,1,1,4,ffffffff
2005653,1f0,1,1,15,ffffffff
2005658,b8,1,1,6,ffffffff
2005677,108,1,1,4,ffffffff
2005679,c0,1,1,6,ffffffff
2005680,200,1,1,8,ffffffff
2005687,110,1,1,4,ffffffff
2005693,1f8,1,1,8,ffffffff
2005712,208,1,1,8,ffffffff
2005726,1f8,1,1,15,ffffffff
2005745,c8,1,1,6,ffffffff
2005747,200,1,1,15,ffffffff
2005760,118,1,1,4,ffffffff
2005768,210,1,1,8,ffffffff
2005768,d0,1,1,6,ffffffff
2005779,208,1,1,15,ffffffff
2005782,1a8,1,1,1,ffffffff
2005789,210,1,1,15,ffffffff
2005792,1b0,1,1,1,ffffffff
2005794,218,1,1,8,ffffffff
2005795,d8,1,1,6,ffffffff
2005812,128,1,1,4,ffffffff
2005813,120,1,1,4,ffffffff
2005823,130,1,1,4,ffffffff
2005847,e8,1,1,6,ffffffff
2005848,e0,1,1,6,ffffffff
2005858,f0,1,1,6,ffffffff
2005859,1a8,1,1,10,ffffffff
2005861,218,1,1,15,ffffffff
2005863,1b8,1,1,1,ffffffff
2005869,1b0,1,1,10,ffffffff
2005880,228,1,1,8,ffffffff
2005882,220,1,1,15,ffffffff
2005884,1c0,1,1,1,ffffffff
2005916,228,1,1,15,ffffffff
2005926,230,1,1,15,ffffffff
2005929,138,1,1,4,ffffffff
2005948,1c8,1,1,1,ffffffff
2005950,140,1,1,4,ffffffff
2005958,1d0,1,1,1,ffffffff
2005964,f8,1,1,6,ffffffff
2005965,238,1,1,15,ffffffff
2005982,148,1,1,4,ffffffff
2005983,220,1,1,8,ffffffff
2005986,240,1,1,15,ffffffff
2005987,100,1,1,6,ffffffff
2005992,150,1,1,4,ffffffff
2005994,230,1,1,8,ffffffff
2006019,248,1,1,15,ffffffff
2006029,250,1,1,15,ffffffff
2006032,1d8,1,1,1,ffffffff
2006051,108,1,1,6,ffffffff
2006053,1c0,1,1,10,ffffffff
2006054,1e0,1,1,1,ffffffff
2006061,110,1,1,6,ffffffff
2006086,1e8,1,1,1,ffffffff
2006096,1f0,1,1,1,ffffffff
2006099,1b8,1,1,10,ffffffff
2006100,158,1,1,4,ffffffff
2006103,258,1,1,15,ffffffff
2006104,118,1,1,6,ffffffff
2006105,1f8,1,1,1,ffffffff
2006118,1c8,1,1,10,ffffffff
2006121,160,1,1,4,ffffffff
2006122,240,1,1,8,ffffffff
2006126,120,1,1,6,ffffffff
2006128,1d0,1,1,10,ffffffff
2006158,168,1,1,4,ffffffff
2006159,200,1,1,1,ffffffff
2006168,170,1,1,4,ffffffff
2006191,268,1,1,15,ffffffff
2006192,260,1,1,15,ffffffff
2006202,270,1,1,15,ffffffff
2006205,238,1,1,8,ffffffff
2006224,248,1,1,8,ffffffff
2006234,250,1,1,8,ffffffff
2006257,208,1,1,1,ffffffff
2006267,210,1,1,1,ffffffff
2006270,1d8,1,1,10,ffffffff
2006289,128,1,1,6,ffffffff
2006299,130,1,1,6,ffffffff
2006304,178,1,1,4,ffffffff
2006305,278,1,1,15,ffffffff
2006322,1e8,1,1,10,ffffffff
2006323,1e0,1,1,10,ffffffff
2006326,180,1,1,4,ffffffff
2006327,280,1,1,15,ffffffff
2006359,288,1,1,15,ffffffff
2006372,218,1,1,1,ffffffff
2006373,138,1,1,6,ffffffff
2006381,1f0,1,1,10,ffffffff
2006381,290,1,1,15,ffffffff
2006391,2a0,1,1,15,ffffffff
2006391,188,1,1,4,ffffffff
2006393,2a8,1,1,15,ffffffff
2006394,140,1,1,6,ffffffff
2006395,2b0,1,1,15,ffffffff
2006395,260,1,1,8,ffffffff
2006396,220,1,1,1,ffffffff
2006401,190,1,1,4,ffffffff
2006401,2b8,1,1,15,ffffffff
2006407,2c8,1,1,15,ffffffff
2006428,148,1,1,6,ffffffff
2006460,268,1,1,8,ffffffff
2006473,1f8,1,1,10,ffffffff
2006474,298,1,1,15,ffffffff
2006481,150,1,1,6,ffffffff
2006492,228,1,1,1,ffffffff
2006495,200,1,1,10,ffffffff
2006508,198,1,1,4,ffffffff
2006510,258,1,1,8,ffffffff
2006516,270,1,1,8,ffffffff
2006516,230,1,1,1,ffffffff
2006527,208,1,1,10,ffffffff
2006529,1a0,1,1,4,ffffffff
2006543,158,1,1,6,ffffffff
2006551,210,1,1,10,ffffffff
2006577,278,1,1,8,ffffffff
2006578,238,1,1,1,ffffffff
2006595,168,1,1,6,ffffffff
2006596,160,1,1,6,ffffffff
2006599,280,1,1,8,ffffffff
2006600,240,1,1,1,ffffffff
2006632,248,1,1,1,ffffffff
2006645,218,1,1,10,ffffffff
2006653,170,1,1,6,ffffffff
2006653,250,1,1,1,ffffffff
2006664,288,1,1,8,ffffffff
2006674,290,1,1,8,ffffffff
2006679,258,1,1,1,ffffffff
2006680,178,1,1,6,ffffffff
2006684,2a0,1,1,8,ffffffff
2006686,2a8,1,1,8,ffffffff
2006688,2b0,1,1,8,ffffffff
2006694,2b8,1,1,8,ffffffff
2006697,228,1,1,10,ffffffff
2006698,220,1,1,10,ffffffff
2006699,2c0,1,1,8,ffffffff
2006708,230,1,1,10,ffffffff
2006732,188,1,1,6,ffffffff
2006733,180,1,1,6,ffffffff
2006747,298,1,1,8,ffffffff
2006765,268,1,1,1,ffffffff
2006766,260,1,1,1,ffffffff
2006768,a0,1,1,8,ffffffff
2006781,238,1,1,10,ffffffff
2006789,190,1,1,6,ffffffff
2006789,270,1,1,1,ffffffff
2006815,278,1,1,1,ffffffff
2006816,198,1,1,6,ffffffff
2006833,248,1,1,10,ffffffff
2006834,240,1,1,10,ffffffff
2006837,280,1,1,1,ffffffff
2006844,250,1,1,10,ffffffff
2006870,1a0,1,1,6,ffffffff
2006883,258,1,1,10,ffffffff
2006902,288,1,1,1,ffffffff
2006908,1a8,1,1,4,ffffffff
2006912,290,1,1,1,ffffffff
2006917,298,1,1,1,ffffffff
2006918,1b0,1,1,4,ffffffff
2006922,2a0,1,1,1,ffffffff
2006922,1b8,1,1,4,ffffffff
2006924,2a8,1,1,1,ffffffff
2006926,2b0,1,1,1,ffffffff
2006932,2b8,1,1,1,ffffffff
2006935,268,1,1,10,ffffffff
2006936,260,1,1,10,ffffffff
2006937,2c0,1,1,1,ffffffff
2006943,1c0,1,1,4,ffffffff
2006946,270,1,1,10,ffffffff
2006975,1c8,1,1,4,ffffffff
2006976,a0,1,1,1,ffffffff
2006985,1d0,1,1,4,ffffffff
2006989,278,1,1,10,ffffffff
2007010,280,1,1,10,ffffffff
2007023,1d8,1,1,4,ffffffff
2007042,288,1,1,10,ffffffff
2007052,290,1,1,10,ffffffff
2007057,298,1,1,10,ffffffff
2007062,2a0,1,1,10,ffffffff
2007064,2a8,1,1,10,ffffffff
2007066,2b0,1,1,10,ffffffff
2007072,2b8,1,1,10,ffffffff
2007075,1e8,1,1,4,ffffffff
2007076,1e0,1,1,4,ffffffff
2007077,2c0,1,1,10,ffffffff
2007086,1f0,1,1,4,ffffffff
2007098,a0,1,1,10,ffffffff
2007111,1f8,1,1,4,ffffffff
2007132,200,1,1,4,ffffffff
2007145,a8,1,1,8,ffffffff
2007155,b0,1,1,8,ffffffff
2007159,b8,1,1,8,ffffffff
2007164,208,1,1,4,ffffffff
2007174,210,1,1,4,ffffffff
2007180,c0,1,1,8,ffffffff
2007193,218,1,1,4,ffffffff
2007212,c8,1,1,8,ffffffff
2007214,220,1,1,4,ffffffff
2007216,1a8,1,1,6,ffffffff
2007222,d0,1,1,8,ffffffff
2007226,1b0,1,1,6,ffffffff
2007227,d8,1,1,8,ffffffff
2007246,228,1,1,4,ffffffff
2007256,230,1,1,4,ffffffff
2007261,1b8,1,1,6,ffffffff
2007279,e8,1,1,8,ffffffff
2007280,e0,1,1,8,ffffffff
2007282,1c0,1,1,6,ffffffff
2007295,238,1,1,4,ffffffff
2007303,f0,1,1,8,ffffffff
2007314,1c8,1,1,6,ffffffff
2007324,1d0,1,1,6,ffffffff
2007329,f8,1,1,8,ffffffff
2007347,248,1,1,4,ffffffff
2007348,240,1,1,4,ffffffff
2007350,a8,1,1,1,ffffffff
2007358,250,1,1,4,ffffffff
2007360,b0,1,1,1,ffffffff
2007363,1d8,1,1,6,ffffffff
2007381,108,1,1,8,ffffffff
2007382,100,1,1,8,ffffffff
2007397,258,1,1,4,ffffffff
2007405,110,1,1,8,ffffffff
2007415,1e8,1,1,6,ffffffff
2007416,1e0,1,1,6,ffffffff
2007426,1f0,1,1,6,ffffffff
2007431,b8,1,1,1,ffffffff
2007449,268,1,1,4,ffffffff
2007450,260,1,1,4,ffffffff
2007452,c0,1,1,1,ffffffff
2007465,118,1,1,8,ffffffff
2007473,270,1,1,4,ffffffff
2007474,a8,1,1,10,ffffffff
2007484,c8,1,1,1,ffffffff
2007499,1f8,1,1,6,ffffffff
2007507,b0,1,1,10,ffffffff
2007507,d0,1,1,1,ffffffff
2007517,128,1,1,8,ffffffff
2007518,120,1,1,8,ffffffff
2007520,200,1,1,6,ffffffff
2007533,278,1,1,4,ffffffff
2007541,130,1,1,8,ffffffff
2007552,208,1,1,6,ffffffff
2007567,b8,1,1,10,ffffffff
2007568,d8,1,1,1,ffffffff
2007575,210,1,1,6,ffffffff
2007585,288,1,1,4,ffffffff
2007586,280,1,1,4,ffffffff
2007589,c0,1,1,10,ffffffff
2007621,e8,1,1,1,ffffffff
2007622,e0,1,1,1,ffffffff
2007635,138,1,1,8,ffffffff
2007643,290,1,1,4,ffffffff
2007643,f0,1,1,1,ffffffff
2007653,2a0,1,1,4,ffffffff
2007654,c8,1,1,10,ffffffff
2007655,2a8,1,1,4,ffffffff
2007657,2b0,1,1,4,ffffffff
2007663,2b8,1,1,4,ffffffff
2007668,2c0,1,1,4,ffffffff
2007669,218,1,1,6,ffffffff
2007677,d0,1,1,10,ffffffff
2007687,148,1,1,8,ffffffff
2007688,140,1,1,8,ffffffff
2007703,298,1,1,4,ffffffff
2007704,f8,1,1,1,ffffffff
2007711,150,1,1,8,ffffffff
2007721,228,1,1,6,ffffffff
2007722,220,1,1,6,ffffffff
2007725,100,1,1,1,ffffffff
2007757,108,1,1,1,ffffffff
2007770,d8,1,1,10,ffffffff
2007778,230,1,1,6,ffffffff
2007778,110,1,1,1,ffffffff
2007804,158,1,1,8,ffffffff
2007822,e8,1,1,10,ffffffff
2007823,e0,1,1,10,ffffffff
2007825,160,1,1,8,ffffffff
2007839,118,1,1,1,ffffffff
2007840,238,1,1,6,ffffffff
2007848,f0,1,1,10,ffffffff
2007857,168,1,1,8,ffffffff
2007858,a0,1,1,4,ffffffff
2007861,240,1,1,6,ffffffff
2007862,120,1,1,1,ffffffff
2007867,170,1,1,8,ffffffff
2007894,128,1,1,1,ffffffff
2007904,130,1,1,1,ffffffff
2007907,f8,1,1,10,ffffffff
2007926,248,1,1,6,ffffffff
2007936,250,1,1,6,ffffffff
2007941,178,1,1,8,ffffffff
2007959,108,1,1,10,ffffffff
2007960,100,1,1,10,ffffffff
2007962,180,1,1,8,ffffffff
2007975,138,1,1,1,ffffffff
2007994,188,1,1,8,ffffffff
2007996,140,1,1,1,ffffffff
2008009,258,1,1,6,ffffffff
2008017,110,1,1,10,ffffffff
2008017,190,1,1,8,ffffffff
2008028,148,1,1,1,ffffffff
2008038,150,1,1,1,ffffffff
2008043,198,1,1,8,ffffffff
2008044,118,1,1,10,ffffffff
2008061,268,1,1,6,ffffffff
2008062,260,1,1,6,ffffffff
2008065,1a0,1,1,8,ffffffff
2008072,270,1,1,6,ffffffff
2008097,128,1,1,10,ffffffff
2008098,120,1,1,10,ffffffff
2008111,158,1,1,1,ffffffff
2008130,a8,1,1,4,ffffffff
2008145,278,1,1,6,ffffffff
2008153,130,1,1,10,ffffffff
2008153,b0,1,1,4,ffffffff
2008163,168,1,1,1,ffffffff
2008164,160,1,1,1,ffffffff
2008174,170,1,1,1,ffffffff
2008179,b8,1,1,4,ffffffff
2008180,138,1,1,10,ffffffff
2008197,288,1,1,6,ffffffff
2008198,280,1,1,6,ffffffff
2008201,c0,1,1,4,ffffffff
2008208,290,1,1,6,ffffffff
2008218,2a0,1,1,6,ffffffff
2008220,2a8,1,1,6,ffffffff
2008222,2b0,1,1,6,ffffffff
2008228,2b8,1,1,6,ffffffff
2008233,2c0,1,1,6,ffffffff
2008233,148,1,1,10,ffffffff
2008234,140,1,1,10,ffffffff
2008247,178,1,1,1,ffffffff
2008266,c8,1,1,4,ffffffff
2008268,180,1,1,1,ffffffff
2008281,298,1,1,6,ffffffff
2008289,150,1,1,10,ffffffff
2008289,d0,1,1,4,ffffffff
2008300,188,1,1,1,ffffffff
2008302,a0,1,1,6,ffffffff
2008310,190,1,1,1,ffffffff
2008315,d8,1,1,4,ffffffff
2008316,158,1,1,10,ffffffff
2008368,168,1,1,10,ffffffff
2008369,160,1,1,10,ffffffff
2008379,170,1,1,10,ffffffff
2008383,198,1,1,1,ffffffff
2008401,e8,1,1,4,ffffffff
2008402,e0,1,1,4,ffffffff
2008404,1a0,1,1,1,ffffffff
2008412,f0,1,1,4,ffffffff
2008417,178,1,1,10,ffffffff
2008438,180,1,1,10,ffffffff
2008451,f8,1,1,4,ffffffff
2008470,188,1,1,10,ffffffff
2008472,1a8,1,1,8,ffffffff
2008472,100,1,1,4,ffffffff
2008480,190,1,1,10,ffffffff
2008482,1b0,1,1,8,ffffffff
2008485,198,1,1,10,ffffffff
2008504,108,1,1,4,ffffffff
2008506,1a0,1,1,10,ffffffff
2008519,1b8,1,1,8,ffffffff
2008527,110,1,1,4,ffffffff
2008540,1c0,1,1,8,ffffffff
2008553,118,1,1,4,ffffffff
2008572,1c8,1,1,8,ffffffff
2008574,120,1,1,4,ffffffff
2008582,1d0,1,1,8,ffffffff
2008587,1d8,1,1,8,ffffffff
2008606,128,1,1,4,ffffffff
2008616,130,1,1,4,ffffffff
2008621,138,1,1,4,ffffffff
2008639,1e8,1,1,8,ffffffff
2008640,1e0,1,1,8,ffffffff
2008650,1f0,1,1,8,ffffffff
2008655,1f8,1,1,8,ffffffff
2008673,148,1,1,4,ffffffff
2008674,140,1,1,4,ffffffff
2008678,a8,1,1,6,ffffffff
2008684,150,1,1,4,ffffffff
2008688,b0,1,1,6,ffffffff
2008689,158,1,1,4,ffffffff
2008707,208,1,1,8,ffffffff
2008708,200,1,1,8,ffffffff
2008718,210,1,1,8,ffffffff
2008723,b8,1,1,6,ffffffff
2008741,168,1,1,4,ffffffff
2008742,160,1,1,4,ffffffff
2008744,c0,1,1,6,ffffffff
2008757,218,1,1,8,ffffffff
2008765,170,1,1,4,ffffffff
2008776,c8,1,1,6,ffffffff
2008780,1a8,1,1,1,ffffffff
2008786,d0,1,1,6,ffffffff
2008790,1b0,1,1,1,ffffffff
2008791,178,1,1,4,ffffffff
2008809,228,1,1,8,ffffffff
2008810,220,1,1,8,ffffffff
2008820,230,1,1,8,ffffffff
2008825,d8,1,1,6,ffffffff
2008826,1b8,1,1,1,ffffffff
2008843,188,1,1,4,ffffffff
2008844,180,1,1,4,ffffffff
2008878,e8,1,1,6,ffffffff
2008879,e0,1,1,6,ffffffff
2008880,1c0,1,1,1,ffffffff
2008882,1a8,1,1,10,ffffffff
2008893,238,1,1,8,ffffffff
2008901,190,1,1,4,ffffffff
2008901,f0,1,1,6,ffffffff
2008903,1b0,1,1,10,ffffffff
2008912,1c8,1,1,1,ffffffff
2008922,1d0,1,1,1,ffffffff
2008927,198,1,1,4,ffffffff
2008928,f8,1,1,6,ffffffff
2008945,248,1,1,8,ffffffff
2008946,240,1,1,8,ffffffff
2008949,100,1,1,6,ffffffff
2008956,250,1,1,8,ffffffff
2008982,1a0,1,1,4,ffffffff
2008995,1d8,1,1,1,ffffffff
2009014,108,1,1,6,ffffffff
2009016,1c0,1,1,10,ffffffff
2009024,110,1,1,6,ffffffff
2009048,1e8,1,1,1,ffffffff
2009049,1e0,1,1,1,ffffffff
2009059,1f0,1,1,1,ffffffff
2009062,258,1,1,8,ffffffff
2009081,1c8,1,1,10,ffffffff
2009096,118,1,1,6,ffffffff
2009098,1b8,1,1,10,ffffffff
2009104,1d0,1,1,10,ffffffff
2009114,268,1,1,8,ffffffff
2009115,260,1,1,8,ffffffff
2009117,120,1,1,6,ffffffff
2009125,270,1,1,8,ffffffff
2009131,1f8,1,1,1,ffffffff
2009150,128,1,1,6,ffffffff
2009152,200,1,1,1,ffffffff
2009165,1d8,1,1,10,ffffffff
2009173,130,1,1,6,ffffffff
2009184,208,1,1,1,ffffffff
2009194,210,1,1,1,ffffffff
2009199,278,1,1,8,ffffffff
2009217,1e8,1,1,10,ffffffff
2009218,1e0,1,1,10,ffffffff
2009220,280,1,1,8,ffffffff
2009233,138,1,1,6,ffffffff
2009241,1f0,1,1,10,ffffffff
2009252,288,1,1,8,ffffffff
2009262,290,1,1,8,ffffffff
2009267,218,1,1,1,ffffffff
2009272,2a0,1,1,8,ffffffff
2009274,2a8,1,1,8,ffffffff
2009276,2b0,1,1,8,ffffffff
2009282,2b8,1,1,8,ffffffff
2009285,148,1,1,6,ffffffff
2009286,140,1,1,6,ffffffff
2009287,2c0,1,1,8,ffffffff
2009288,220,1,1,1,ffffffff
2009301,1f8,1,1,10,ffffffff
2009309,150,1,1,6,ffffffff
2009320,228,1,1,1,ffffffff
2009328,1a8,1,1,4,ffffffff
2009330,230,1,1,1,ffffffff
2009335,298,1,1,8,ffffffff
2009343,1b0,1,1,4,ffffffff
2009353,208,1,1,10,ffffffff
2009354,200,1,1,10,ffffffff
2009356,a0,1,1,8,ffffffff
2009369,158,1,1,6,ffffffff
2009377,210,1,1,10,ffffffff
2009403,238,1,1,1,ffffffff
2009421,168,1,1,6,ffffffff
2009422,160,1,1,6,ffffffff
2009424,240,1,1,1,ffffffff
2009437,1b8,1,1,4,ffffffff
2009456,248,1,1,1,ffffffff
2009458,1c0,1,1,4,ffffffff
2009471,218,1,1,10,ffffffff
2009479,170,1,1,6,ffffffff
2009479,250,1,1,1,ffffffff
2009490,1c8,1,1,4,ffffffff
2009500,1d0,1,1,4,ffffffff
2009505,178,1,1,6,ffffffff
2009506,258,1,1,1,ffffffff
2009523,228,1,1,10,ffffffff
2009524,220,1,1,10,ffffffff
2009534,230,1,1,10,ffffffff
2009558,268,1,1,1,ffffffff
2009559,260,1,1,1,ffffffff
2009569,270,1,1,1,ffffffff
2009572,1d8,1,1,4,ffffffff
2009591,188,1,1,6,ffffffff
2009606,238,1,1,10,ffffffff
2009624,1e8,1,1,4,ffffffff
2009625,1e0,1,1,4,ffffffff
2009627,240,1,1,10,ffffffff
2009635,1f0,1,1,4,ffffffff
2009641,278,1,1,1,ffffffff
2009659,248,1,1,10,ffffffff
2009660,180,1,1,6,ffffffff
2009662,280,1,1,1,ffffffff
2009669,250,1,1,10,ffffffff
2009671,190,1,1,6,ffffffff
2009675,1f8,1,1,4,ffffffff
2009694,288,1,1,1,ffffffff
2009696,200,1,1,4,ffffffff
2009704,290,1,1,1,ffffffff
2009709,258,1,1,10,ffffffff
2009710,198,1,1,6,ffffffff
2009714,2a0,1,1,1,ffffffff
2009716,2a8,1,1,1,ffffffff
2009718,2b0,1,1,1,ffffffff
2009724,2b8,1,1,1,ffffffff
2009728,208,1,1,4,ffffffff
2009729,2c0,1,1,1,ffffffff
2009733,a8,1,1,8,ffffffff
2009738,210,1,1,4,ffffffff
2009743,b0,1,1,8,ffffffff
2009743,298,1,1,1,ffffffff
2009762,268,1,1,10,ffffffff
2009764,1a0,1,1,6,ffffffff
2009797,260,1,1,10,ffffffff
2009798,a0,1,1,1,ffffffff
2009807,270,1,1,10,ffffffff
2009811,218,1,1,4,ffffffff
2009813,b8,1,1,8,ffffffff
2009814,278,1,1,10,ffffffff
2009832,220,1,1,4,ffffffff
2009835,280,1,1,10,ffffffff
2009836,c0,1,1,8,ffffffff
2009868,288,1,1,10,ffffffff
2009878,290,1,1,10,ffffffff
2009888,2a0,1,1,10,ffffffff
2009890,2a8,1,1,10,ffffffff
2009892,2b0,1,1,10,ffffffff
2009898,2b8,1,1,10,ffffffff
2009900,c8,1,1,8,ffffffff
2009904,2c8,1,1,10,ffffffff
2009910,d0,1,1,8,ffffffff
2009913,298,1,1,10,ffffffff
2009914,d8,1,1,8,ffffffff
2009932,228,1,1,4,ffffffff
2009935,e0,1,1,8,ffffffff
2009942,230,1,1,4,ffffffff
2009948,238,1,1,4,ffffffff
2009967,e8,1,1,8,ffffffff
2009969,240,1,1,4,ffffffff
2009977,f0,1,1,8,ffffffff
2009982,f8,1,1,8,ffffffff
2010001,248,1,1,4,ffffffff
2010003,100,1,1,8,ffffffff
2010011,250,1,1,4,ffffffff
2010016,258,1,1,4,ffffffff
2010035,108,1,1,8,ffffffff
2010045,110,1,1,8,ffffffff
2010050,118,1,1,8,ffffffff
2010068,268,1,1,4,ffffffff
2010069,260,1,1,4,ffffffff
2010079,270,1,1,4,ffffffff
2010084,278,1,1,4,ffffffff
2010102,128,1,1,8,ffffffff
2010103,120,1,1,8,ffffffff
2010113,130,1,1,8,ffffffff
2010118,138,1,1,8,ffffffff
2010136,288,1,1,4,ffffffff
2010137,280,1,1,4,ffffffff
2010142,1a8,1,1,6,ffffffff
2010147,290,1,1,4,ffffffff
2010152,1b0,1,1,6,ffffffff
2010152,298,1,1,4,ffffffff
2010156,1b8,1,1,6,ffffffff
2010157,2a0,1,1,4,ffffffff
2010159,2a8,1,1,4,ffffffff
2010161,2b0,1,1,4,ffffffff
2010167,2b8,1,1,4,ffffffff
2010170,148,1,1,8,ffffffff
2010171,140,1,1,8,ffffffff
2010172,2c0,1,1,4,ffffffff
2010177,1c0,1,1,6,ffffffff
2010181,150,1,1,8,ffffffff
2010207,a8,1,1,1,ffffffff
2010209,1c8,1,1,6,ffffffff
2010210,a0,1,1,4,ffffffff
2010217,b0,1,1,1,ffffffff
2010219,1d0,1,1,6,ffffffff
2010243,160,1,1,8,ffffffff
2010256,158,1,1,8,ffffffff
2010257,b8,1,1,1,ffffffff
2010259,1d8,1,1,6,ffffffff
2010275,168,1,1,8,ffffffff
2010278,c0,1,1,1,ffffffff
2010285,170,1,1,8,ffffffff
2010311,c8,1,1,1,ffffffff
2010321,d0,1,1,1,ffffffff
2010325,178,1,1,8,ffffffff
2010343,1e8,1,1,6,ffffffff
2010344,1e0,1,1,6,ffffffff
2010346,180,1,1,8,ffffffff
2010354,1f0,1,1,6,ffffffff
2010359,d8,1,1,1,ffffffff
2010378,188,1,1,8,ffffffff
2010388,190,1,1,8,ffffffff
2010393,1f8,1,1,6,ffffffff
2010411,e8,1,1,1,ffffffff
2010412,e0,1,1,1,ffffffff
2010414,200,1,1,6,ffffffff
2010422,f0,1,1,1,ffffffff
2010427,198,1,1,8,ffffffff
2010446,208,1,1,6,ffffffff
2010448,1a0,1,1,8,ffffffff
2010456,210,1,1,6,ffffffff
2010461,f8,1,1,1,ffffffff
2010482,100,1,1,1,ffffffff
2010495,218,1,1,6,ffffffff
2010514,108,1,1,1,ffffffff
2010516,220,1,1,6,ffffffff
2010524,110,1,1,1,ffffffff
2010529,118,1,1,1,ffffffff
2010548,228,1,1,6,ffffffff
2010550,120,1,1,1,ffffffff
2010558,230,1,1,6,ffffffff
2010563,238,1,1,6,ffffffff
2010579,a8,1,1,4,ffffffff
2010582,128,1,1,1,ffffffff
2010584,240,1,1,6,ffffffff
2010589,b0,1,1,4,ffffffff
2010592,130,1,1,1,ffffffff
2010597,b8,1,1,4,ffffffff
2010616,248,1,1,6,ffffffff
2010618,c0,1,1,4,ffffffff
2010626,250,1,1,6,ffffffff
2010631,138,1,1,1,ffffffff
2010650,c8,1,1,4,ffffffff
2010652,140,1,1,1,ffffffff
2010660,d0,1,1,4,ffffffff
2010665,258,1,1,6,ffffffff
2010684,148,1,1,1,ffffffff
2010694,150,1,1,1,ffffffff
2010699,d8,1,1,4,ffffffff
2010717,268,1,1,6,ffffffff
2010718,260,1,1,6,ffffffff
2010728,270,1,1,6,ffffffff
2010733,158,1,1,1,ffffffff
2010751,e8,1,1,4,ffffffff
2010752,e0,1,1,4,ffffffff
2010762,f0,1,1,4,ffffffff
2010767,278,1,1,6,ffffffff
2010785,168,1,1,1,ffffffff
2010786,160,1,1,1,ffffffff
2010788,280,1,1,6,ffffffff
2010796,170,1,1,1,ffffffff
2010801,f8,1,1,4,ffffffff
2010820,288,1,1,6,ffffffff
2010822,100,1,1,4,ffffffff
2010823,1a8,1,1,8,ffffffff
2010830,290,1,1,6,ffffffff
2010833,1b0,1,1,8,ffffffff
2010835,178,1,1,1,ffffffff
2010840,2a0,1,1,6,ffffffff
2010842,2a8,1,1,6,ffffffff
2010844,2b0,1,1,6,ffffffff
2010850,2b8,1,1,6,ffffffff
2010854,108,1,1,4,ffffffff
2010855,2c0,1,1,6,ffffffff
2010856,180,1,1,1,ffffffff
2010869,298,1,1,6,ffffffff
2010870,1b8,1,1,8,ffffffff
2010878,110,1,1,4,ffffffff
2010888,188,1,1,1,ffffffff
2010891,1c0,1,1,8,ffffffff
2010898,190,1,1,1,ffffffff
2010923,1c8,1,1,8,ffffffff
2010924,a0,1,1,6,ffffffff
2010937,118,1,1,4,ffffffff
2010945,1d0,1,1,8,ffffffff
2010958,120,1,1,4,ffffffff
2010971,198,1,1,1,ffffffff
2010990,128,1,1,4,ffffffff
2010992,1a0,1,1,1,ffffffff
2011005,1d8,1,1,8,ffffffff
2011013,130,1,1,4,ffffffff
2011039,138,1,1,4,ffffffff
2011057,1e8,1,1,8,ffffffff
2011058,1e0,1,1,8,ffffffff
2011068,1f0,1,1,8,ffffffff
2011073,1f8,1,1,8,ffffffff
2011091,148,1,1,4,ffffffff
2011092,140,1,1,4,ffffffff
2011102,150,1,1,4,ffffffff
2011107,158,1,1,4,ffffffff
2011125,208,1,1,8,ffffffff
2011126,200,1,1,8,ffffffff
2011136,210,1,1,8,ffffffff
2011141,218,1,1,8,ffffffff
2011159,168,1,1,4,ffffffff
2011160,160,1,1,4,ffffffff
2011170,170,1,1,4,ffffffff
2011175,178,1,1,4,ffffffff
2011193,228,1,1,8,ffffffff
2011194,220,1,1,8,ffffffff
2011204,230,1,1,8,ffffffff
2011209,238,1,1,8,ffffffff
2011227,188,1,1,4,ffffffff
2011228,180,1,1,4,ffffffff
2011238,190,1,1,4,ffffffff
2011243,198,1,1,4,ffffffff
2011261,248,1,1,8,ffffffff
2011262,240,1,1,8,ffffffff
2011272,250,1,1,8,ffffffff
2011277,258,1,1,8,ffffffff
2011296,1a0,1,1,4,ffffffff
2011297,a8,1,1,6,ffffffff
2011307,b0,1,1,6,ffffffff
2011311,b8,1,1,6,ffffffff
2011329,268,1,1,8,ffffffff
2011330,260,1,1,8,ffffffff
2011332,c0,1,1,6,ffffffff
2011340,270,1,1,8,ffffffff
2011345,278,1,1,8,ffffffff
2011364,c8,1,1,6,ffffffff
2011366,280,1,1,8,ffffffff
2011368,1a8,1,1,1,ffffffff
2011374,d0,1,1,6,ffffffff
2011378,1b0,1,1,1,ffffffff
2011379,d8,1,1,6,ffffffff
2011398,288,1,1,8,ffffffff
2011408,290,1,1,8,ffffffff
2011413,1b8,1,1,1,ffffffff
2011418,2a0,1,1,8,ffffffff
2011420,2a8,1,1,8,ffffffff
2011422,2b0,1,1,8,ffffffff
2011428,2b8,1,1,8,ffffffff
2011431,e8,1,1,6,ffffffff
2011432,e0,1,1,6,ffffffff
2011433,2c0,1,1,8,ffffffff
2011434,1c0,1,1,1,ffffffff
2011442,f0,1,1,6,ffffffff
2011447,298,1,1,8,ffffffff
2011466,1c8,1,1,1,ffffffff
2011468,a0,1,1,8,ffffffff
2011476,1d0,1,1,1,ffffffff
2011481,f8,1,1,6,ffffffff
2011502,100,1,1,6,ffffffff
2011515,1d8,1,1,1,ffffffff
2011534,108,1,1,6,ffffffff
2011544,110,1,1,6,ffffffff
2011549,118,1,1,6,ffffffff
2011567,1e8,1,1,1,ffffffff
2011568,1e0,1,1,1,ffffffff
2011570,120,1,1,6,ffffffff
2011578,1f0,1,1,1,ffffffff
2011583,1f8,1,1,1,ffffffff
2011599,1a8,1,1,4,ffffffff
2011602,128,1,1,6,ffffffff
2011604,200,1,1,1,ffffffff
2011609,1b0,1,1,4,ffffffff
2011612,130,1,1,6,ffffffff
2011617,1b8,1,1,4,ffffffff
2011636,208,1,1,1,ffffffff
2011638,1c0,1,1,4,ffffffff
2011646,210,1,1,1,ffffffff
2011651,138,1,1,6,ffffffff
2011670,1c8,1,1,4,ffffffff
2011672,140,1,1,6,ffffffff
2011680,1d0,1,1,4,ffffffff
2011685,218,1,1,1,ffffffff
2011704,148,1,1,6,ffffffff
2011706,220,1,1,1,ffffffff
2011714,150,1,1,6,ffffffff
2011719,1d8,1,1,4,ffffffff
2011738,228,1,1,1,ffffffff
2011748,230,1,1,1,ffffffff
2011753,158,1,1,6,ffffffff
2011771,1e8,1,1,4,ffffffff
2011772,1e0,1,1,4,ffffffff
2011782,1f0,1,1,4,ffffffff
2011787,238,1,1,1,ffffffff
2011805,168,1,1,6,ffffffff
2011806,160,1,1,6,ffffffff
2011808,240,1,1,1,ffffffff
2011816,170,1,1,6,ffffffff
2011821,1f8,1,1,4,ffffffff
2011840,248,1,1,1,ffffffff
2011842,200,1,1,4,ffffffff
2011843,a8,1,1,8,ffffffff
2011850,250,1,1,1,ffffffff
2011853,b0,1,1,8,ffffffff
2011855,178,1,1,6,ffffffff
2011874,208,1,1,4,ffffffff
2011876,180,1,1,6,ffffffff
2011889,258,1,1,1,ffffffff
2011908,188,1,1,6,ffffffff
2011923,b8,1,1,8,ffffffff
2011931,210,1,1,4,ffffffff
2011931,190,1,1,6,ffffffff
2011941,268,1,1,1,ffffffff
2011942,260,1,1,1,ffffffff
2011944,c0,1,1,8,ffffffff
2011952,270,1,1,1,ffffffff
2011957,198,1,1,6,ffffffff
2011958,218,1,1,4,ffffffff
2011976,c8,1,1,8,ffffffff
2011979,220,1,1,4,ffffffff
2011980,1a0,1,1,6,ffffffff
2011986,d0,1,1,8,ffffffff
2012012,228,1,1,4,ffffffff
2012025,278,1,1,1,ffffffff
2012046,280,1,1,1,ffffffff
2012059,d8,1,1,8,ffffffff
2012067,230,1,1,4,ffffffff
2012078,288,1,1,1,ffffffff
2012088,290,1,1,1,ffffffff
2012093,238,1,1,4,ffffffff
2012098,2a0,1,1,1,ffffffff
2012100,2a8,1,1,1,ffffffff
2012102,2b0,1,1,1,ffffffff
2012108,2b8,1,1,1,ffffffff
2012111,e8,1,1,8,ffffffff
2012112,e0,1,1,8,ffffffff
2012113,2c0,1,1,1,ffffffff
2012122,f0,1,1,8,ffffffff
2012127,298,1,1,1,ffffffff
2012145,248,1,1,4,ffffffff
2012146,240,1,1,4,ffffffff
2012148,a0,1,1,1,ffffffff
2012161,f8,1,1,8,ffffffff
2012169,250,1,1,4,ffffffff
2012195,258,1,1,4,ffffffff
2012213,108,1,1,8,ffffffff
2012214,100,1,1,8,ffffffff
2012224,110,1,1,8,ffffffff
2012229,118,1,1,8,ffffffff
2012247,268,1,1,4,ffffffff
2012248,260,1,1,4,ffffffff
2012258,270,1,1,4,ffffffff
2012263,278,1,1,4,ffffffff
2012281,128,1,1,8,ffffffff
2012282,120,1,1,8,ffffffff
2012292,130,1,1,8,ffffffff
2012297,138,1,1,8,ffffffff
2012315,288,1,1,4,ffffffff
2012316,280,1,1,4,ffffffff
2012326,290,1,1,4,ffffffff
2012331,298,1,1,4,ffffffff
2012336,2a0,1,1,4,ffffffff
2012338,2a8,1,1,4,ffffffff
2012340,2b0,1,1,4,ffffffff
2012346,2b8,1,1,4,ffffffff
2012349,148,1,1,8,ffffffff
2012350,140,1,1,8,ffffffff
2012352,2c8,1,1,4,ffffffff
2012360,150,1,1,8,ffffffff
2012364,158,1,1,8,ffffffff
2012385,160,1,1,8,ffffffff
2012387,1a8,1,1,6,ffffffff
2012397,1b0,1,1,6,ffffffff
2012401,1b8,1,1,6,ffffffff
2012417,168,1,1,8,ffffffff
2012422,1c0,1,1,6,ffffffff
2012427,170,1,1,8,ffffffff
2012435,178,1,1,8,ffffffff
2012454,1c8,1,1,6,ffffffff
2012456,180,1,1,8,ffffffff
2012464,1d0,1,1,6,ffffffff
2012469,1d8,1,1,6,ffffffff
2012488,188,1,1,8,ffffffff
2012498,190,1,1,8,ffffffff
2012503,198,1,1,8,ffffffff
2012521,1e8,1,1,6,ffffffff
2012522,1e0,1,1,6,ffffffff
2012524,1a0,1,1,8,ffffffff
2012525,a8,1,1,1,ffffffff
2012532,1f0,1,1,6,ffffffff
2012535,b0,1,1,1,ffffffff
2012537,1f8,1,1,6,ffffffff
2012558,200,1,1,6,ffffffff
2012571,b8,1,1,1,ffffffff
2012590,208,1,1,6,ffffffff
2012592,c0,1,1,1,ffffffff
2012600,210,1,1,6,ffffffff
2012605,218,1,1,6,ffffffff
2012624,c8,1,1,1,ffffffff
2012626,220,1,1,6,ffffffff
2012634,d0,1,1,1,ffffffff
2012639,d8,1,1,1,ffffffff
2012658,228,1,1,6,ffffffff
2012668,230,1,1,6,ffffffff
2012673,238,1,1,6,ffffffff
2012691,e8,1,1,1,ffffffff
2012692,e0,1,1,1,ffffffff
2012694,240,1,1,6,ffffffff
2012702,f0,1,1,1,ffffffff
2012707,f8,1,1,1,ffffffff
2012726,248,1,1,6,ffffffff
2012728,100,1,1,1,ffffffff
2012736,250,1,1,6,ffffffff
2012741,258,1,1,6,ffffffff
2012760,108,1,1,1,ffffffff
2012770,110,1,1,1,ffffffff
2012775,118,1,1,1,ffffffff
2012793,268,1,1,6,ffffffff
2012794,260,1,1,6,ffffffff
2012796,120,1,1,1,ffffffff
2012804,270,1,1,6,ffffffff
2012809,278,1,1,6,ffffffff
2012828,128,1,1,1,ffffffff
2012830,280,1,1,6,ffffffff
2012838,130,1,1,1,ffffffff
2012843,138,1,1,1,ffffffff
2012862,288,1,1,6,ffffffff
2012864,140,1,1,1,ffffffff
2012872,290,1,1,6,ffffffff
2012877,298,1,1,6,ffffffff
2012882,2a0,1,1,6,ffffffff
2012884,2a8,1,1,6,ffffffff
2012886,2b0,1,1,6,ffffffff
2012892,2b8,1,1,6,ffffffff
2012896,148,1,1,1,ffffffff
2012898,2c8,1,1,6,ffffffff
2012900,1a8,1,1,8,ffffffff
2012906,150,1,1,1,ffffffff
2012910,1b0,1,1,8,ffffffff
2012910,158,1,1,1,ffffffff
2012931,160,1,1,1,ffffffff
2012944,1b8,1,1,8,ffffffff
2012963,168,1,1,1,ffffffff
2012965,1c0,1,1,8,ffffffff
2012973,170,1,1,1,ffffffff
2012978,178,1,1,1,ffffffff
2012997,1c8,1,1,8,ffffffff
2012999,180,1,1,1,ffffffff
2013007,1d0,1,1,8,ffffffff
2013012,1d8,1,1,8,ffffffff
2013031,188,1,1,1,ffffffff
2013041,190,1,1,1,ffffffff
2013046,198,1,1,1,ffffffff
2013064,1e8,1,1,8,ffffffff
2013065,1e0,1,1,8,ffffffff
2013067,1a0,1,1,1,ffffffff
2013075,1f0,1,1,8,ffffffff
2013080,1f8,1,1,8,ffffffff
2013101,200,1,1,8,ffffffff
2013133,208,1,1,8,ffffffff
2013143,210,1,1,8,ffffffff
2013147,218,1,1,8,ffffffff
2013168,220,1,1,8,ffffffff
2013200,228,1,1,8,ffffffff
2013210,230,1,1,8,ffffffff
2013214,238,1,1,8,ffffffff
2013235,240,1,1,8,ffffffff
2013267,248,1,1,8,ffffffff
2013277,250,1,1,8,ffffffff
2013281,258,1,1,8,ffffffff
2013302,260,1,1,8,ffffffff
2013334,268,1,1,8,ffffffff
2013344,270,1,1,8,ffffffff
2013348,278,1,1,8,ffffffff
2013369,280,1,1,8,ffffffff
2013401,288,1,1,8,ffffffff
2013411,290,1,1,8,ffffffff
2013415,298,1,1,8,ffffffff
2013421,2a0,1,1,8,ffffffff
2013423,2a8,1,1,8,ffffffff
2013425,2b0,1,1,8,ffffffff
2013431,2b8,1,1,8,ffffffff
2013436,2c0,1,1,8,ffffffff
2013442,1a8,1,1,1,ffffffff
2013452,1b0,1,1,1,ffffffff
2013457,a0,1,1,8,ffffffff
2013470,1b8,1,1,1,ffffffff
2013491,1c0,1,1,1,ffffffff
2013523,1c8,1,1,1,ffffffff
2013533,1d0,1,1,1,ffffffff
2013537,1d8,1,1,1,ffffffff
2013558,1e0,1,1,1,ffffffff
2013590,1e8,1,1,1,ffffffff
2013600,1f0,1,1,1,ffffffff
2013604,1f8,1,1,1,ffffffff
2013625,200,1,1,1,ffffffff
2013657,208,1,1,1,ffffffff
2013667,210,1,1,1,ffffffff
2013671,218,1,1,1,ffffffff
2013692,220,1,1,1,ffffffff
2013724,228,1,1,1,ffffffff
2013734,230,1,1,1,ffffffff
2013738,238,1,1,1,ffffffff
2013759,240,1,1,1,ffffffff
2013791,248,1,1,1,ffffffff
2013801,250,1,1,1,ffffffff
2013805,258,1,1,1,ffffffff
2013826,260,1,1,1,ffffffff
2013830,a8,1,1,8,ffffffff
2013840,b0,1,1,8,ffffffff
2013844,b8,1,1,8,ffffffff
2013858,268,1,1,1,ffffffff
2013865,c0,1,1,8,ffffffff
2013868,270,1,1,1,ffffffff
2013878,278,1,1,1,ffffffff
2013897,c8,1,1,8,ffffffff
2013899,280,1,1,1,ffffffff
2013907,d0,1,1,8,ffffffff
2013912,d8,1,1,8,ffffffff
2013931,288,1,1,1,ffffffff
2013941,290,1,1,1,ffffffff
2013946,298,1,1,1,ffffffff
2013951,2a0,1,1,1,ffffffff
2013953,2a8,1,1,1,ffffffff
2013955,2b0,1,1,1,ffffffff
2013961,2b8,1,1,1,ffffffff
2013964,e8,1,1,8,ffffffff
2013965,e0,1,1,8,ffffffff
2013967,2c8,1,1,1,ffffffff
2013975,f0,1,1,8,ffffffff
2013979,f8,1,1,8,ffffffff
2014000,100,1,1,8,ffffffff
2014032,108,1,1,8,ffffffff
2014042,110,1,1,8,ffffffff
2014046,118,1,1,8,ffffffff
2014067,120,1,1,8,ffffffff
2014099,128,1,1,8,ffffffff
2014109,130,1,1,8,ffffffff
2014113,138,1,1,8,ffffffff
2014134,140,1,1,8,ffffffff
2014166,148,1,1,8,ffffffff
2014176,150,1,1,8,ffffffff
2014180,158,1,1,8,ffffffff
2014201,160,1,1,8,ffffffff
2014233,168,1,1,8,ffffffff
2014243,170,1,1,8,ffffffff
2014247,178,1,1,8,ffffffff
2014268,180,1,1,8,ffffffff
2014300,188,1,1,8,ffffffff
2014310,190,1,1,8,ffffffff
2014314,198,1,1,8,ffffffff
2014335,1a0,1,1,8,ffffffff
2014667,1a8,1,1,8,ffffffff
2014677,1b0,1,1,8,ffffffff
2014681,1b8,1,1,8,ffffffff
2014702,1c0,1,1,8,ffffffff
2014734,1c8,1,1,8,ffffffff
2014744,1d0,1,1,8,ffffffff
2014748,1d8,1,1,8,ffffffff
2014769,1e0,1,1,8,ffffffff
2014801,1e8,1,1,8,ffffffff
2014811,1f0,1,1,8,ffffffff
2014815,1f8,1,1,8,ffffffff
2014836,200,1,1,8,ffffffff
2014868,208,1,1,8,ffffffff
2014878,210,1,1,8,ffffffff
2014882,218,1,1,8,ffffffff
2014903,220,1,1,8,ffffffff
2014935,228,1,1,8,ffffffff
2014945,230,1,1,8,ffffffff
2014949,238,1,1,8,ffffffff
2014970,240,1,1,8,ffffffff
2015002,248,1,1,8,ffffffff
2015012,250,1,1,8,ffffffff
2015016,258,1,1,8,ffffffff
2015037,260,1,1,8,ffffffff
2015069,268,1,1,8,ffffffff
2015079,270,1,1,8,ffffffff
2015083,278,1,1,8,ffffffff
2015104,280,1,1,8,ffffffff
2015136,288,1,1,8,ffffffff
2015146,290,1,1,8,ffffffff
2015150,298,1,1,8,ffffffff
2015156,2a0,1,1,8,ffffffff
2015158,2a8,1,1,8,ffffffff
2015160,2b0,1,1,8,ffffffff
2015166,2b8,1,1,8,ffffffff
2015172,2c8,1,1,8,ffffffff
