cycle,row_hit,row_miss
603800,0,0
603900,0,0
604000,0,0
604100,0,0
604200,20,4
604300,20,4
604400,20,4
604500,20,4
604600,28,4
604700,28,4
604800,28,4
604900,36,4
605000,36,4
605100,36,4
605200,44,4
605300,44,4
605400,44,4
605500,45,4
605600,52,4
605700,52,4
605800,52,4
605900,60,4
606000,60,4
606100,60,4
606200,68,4
606300,68,4
606400,68,4
606500,75,4
606600,76,4
606700,76,4
606800,76,4
606900,82,6
607000,82,6
607100,82,6
607200,88,6
607300,90,6
607400,90,6
607500,90,6
607600,98,6
607700,98,6
607800,98,6
607900,106,6
608000,106,6
608100,106,6
608200,114,6
608300,114,6
608400,114,6
608500,118,6
608600,122,6
608700,122,6
608800,122,6
608900,130,6
609000,130,6
609100,130,6
609200,138,6
609300,138,6
609400,138,6
609500,138,7
609600,144,8
609700,144,8
609800,144,8
609900,152,8
610000,152,8
610100,152,8
610200,160,8
610300,160,8
610400,160,8
610500,160,8
610600,168,8
610700,168,8
610800,168,8
610900,176,8
611000,176,8
611100,176,8
611200,184,8
611300,184,8
611400,184,8
611500,188,8
611600,192,9
611700,195,9
611800,195,9
611900,203,9
612000,207,9
612100,207,9
612200,210,11
612300,217,11
612400,217,11
612500,217,11
612600,225,11
612700,229,11
612800,229,11
612900,237,11
613000,241,11
613100,241,11
613200,249,11
613300,253,11
613400,253,11
613500,254,11
613600,265,11
613700,265,11
613800,265,11
613900,273,11
614000,277,11
614100,277,11
614200,285,11
614300,286,12
614400,288,12
614500,292,12
614600,296,12
614700,300,12
614800,300,12
614900,307,13
615000,311,13
615100,311,13
615200,315,13
615300,323,13
615400,323,13
615500,327,13
615600,331,13
615700,335,13
615800,335,13
615900,343,13
616000,347,13
616100,347,13
616200,355,13
616300,359,13
616400,359,13
616500,363,13
616600,367,13
616700,371,13
616800,371,13
616900,379,13
617000,382,14
617100,382,14
617200,390,14
617300,392,14
617400,394,14
617500,398,14
617600,401,15
617700,405,15
617800,405,15
617900,413,15
618000,417,15
618100,417,15
618200,421,15
618300,429,15
618400,429,15
618500,433,15
618600,437,15
618700,441,15
618800,441,16
618900,449,16
619000,453,16
619100,453,16
619200,461,16
619300,465,16
619400,465,16
619500,469,16
619600,473,16
619700,476,17
619800,480,17
619900,484,17
620000,488,17
620100,488,17
620200,492,18
620300,495,18
620400,499,18
620500,503,18
620600,507,18
620700,512,18
620800,516,18
620900,520,18
621000,522,18
621100,524,18
621200,528,18
621300,532,18
621400,536,18
621500,540,18
621600,544,18
621700,548,18
621800,552,18
621900,556,18
622000,560,18
622100,560,18
622200,568,18
622300,568,18
622400,568,18
622500,573,18
622600,577,18
622700,577,18
622800,581,18
622900,584,19
623000,584,19
623100,584,19
623200,588,19
623300,592,19
623400,592,19
623500,596,19
623600,600,19
623700,600,19
623800,604,19
623900,608,19
624000,608,19
624100,612,19
624200,615,19
624300,617,19
624400,617,19
624500,621,19
624600,625,19
624700,625,19
624800,629,19
624900,633,19
625000,633,19
625100,637,19
625200,641,19
625300,641,19
625400,641,19
625500,644,20
625600,647,21
625700,647,21
625800,651,21
625900,655,21
626000,655,21
626100,655,22
626200,662,23
626300,665,24
626400,665,24
626500,673,24
626600,677,24
626700,677,24
626800,681,24
626900,689,24
627000,689,24
627100,693,24
627200,697,24
627300,701,24
627400,701,24
627500,709,24
627600,713,24
627700,713,24
627800,717,24
627900,725,24
628000,725,24
628100,725,25
628200,732,25
628300,735,26
628400,735,26
628500,743,26
628600,747,26
628700,747,26
628800,751,27
628900,758,28
629000,758,28
629100,758,28
629200,767,29
629300,773,29
629400,773,29
629500,780,29
629600,789,29
629700,789,29
629800,793,29
629900,805,29
630000,805,29
630100,809,29
630200,817,29
630300,821,29
630400,821,29
630500,829,29
630600,837,29
630700,837,29
630800,840,30
630900,848,31
631000,851,31
631100,851,31
631200,863,31
631300,867,31
631400,867,31
631500,872,32
631600,883,32
631700,883,32
631800,887,32
631900,898,33
632000,898,33
632100,900,33
632200,906,33
632300,914,33
632400,914,33
632500,918,33
632600,930,33
632700,930,33
632800,934,33
632900,946,33
633000,946,33
633100,950,33
633200,958,33
633300,962,33
633400,962,33
633500,969,34
633600,976,35
633700,976,35
633800,980,35
633900,988,35
634000,992,35
634100,992,35
634200,1004,36
634300,1008,36
634400,1008,36
634500,1012,36
634600,1023,37
634700,1023,37
634800,1027,37
634900,1039,37
635000,1039,37
635100,1043,37
635200,1047,37
635300,1055,37
635400,1055,37
635500,1059,37
635600,1071,37
635700,1071,37
635800,1075,37
635900,1087,37
636000,1087,37
636100,1088,37
636200,1097,37
636300,1103,37
636400,1103,37
636500,1111,37
636600,1119,37
636700,1119,37
636800,1123,37
636900,1131,37
637000,1131,37
637100,1135,37
637200,1135,37
637300,1142,38
637400,1142,38
637500,1146,38
637600,1154,38
637700,1154,38
637800,1158,38
637900,1166,38
638000,1166,38
638100,1170,38
638200,1173,38
638300,1178,38
638400,1181,38
638500,1182,38
638600,1190,38
638700,1190,38
638800,1194,38
638900,1202,38
639000,1202,38
639100,1206,38
639200,1206,38
639300,1214,38
639400,1214,38
639500,1218,38
639600,1226,38
639700,1226,38
639800,1230,38
639900,1234,38
640000,1234,38
640100,1238,38
640200,1242,38
640300,1242,38
640400,1246,38
640500,1246,38
640600,1250,38
640700,1250,38
640800,1254,38
640900,1258,38
641000,1258,38
641100,1262,38
641200,1266,38
641300,1266,38
641400,1270,38
641500,1270,38
641600,1274,38
641700,1274,38
641800,1278,38
641900,1282,38
642000,1282,38
642100,1286,38
642200,1290,38
642300,1290,38
642400,1294,38
642500,1294,38
642600,1298,38
642700,1298,38
642800,1302,38
642900,1306,38
643000,1306,38
643100,1310,38
643200,1314,38
643300,1314,38
643400,1318,38
643500,1320,38
643600,1322,38
643700,1326,38
643800,1326,38
643900,1330,38
644000,1330,38
644100,1334,38
644200,1338,38
644300,1338,38
644400,1342,38
644500,1342,38
644600,1346,38
644700,1350,38
644800,1350,38
644900,1354,38
645000,1354,38
645100,1358,38
645200,1362,38
645300,1362,38
645400,1366,38
645500,1370,38
645600,1370,38
645700,1374,38
645800,1374,38
645900,1378,38
646000,1378,38
646100,1382,38
646200,1386,38
646300,1386,38
646400,1390,38
646500,1394,38
646600,1394,38
646700,1394,39
646800,1397,39
646900,1400,40
647000,1400,40
647100,1404,40
647200,1408,40
647300,1408,40
647400,1412,40
647500,1412,40
647600,1416,40
647700,1420,40
647800,1420,40
647900,1424,40
648000,1424,40
648100,1428,40
648200,1432,40
648300,1432,40
648400,1436,40
648500,1440,40
648600,1440,40
648700,1444,40
648800,1444,40
648900,1448,40
649000,1450,40
649100,1452,40
649200,1456,40
649300,1456,40
649400,1459,41
649500,1459,42
649600,1462,42
649700,1463,42
649800,1466,42
649900,1470,42
650000,1470,42
650100,1474,42
650200,1478,42
650300,1478,42
650400,1482,42
650500,1482,42
650600,1486,42
650700,1490,42
650800,1490,42
650900,1494,42
651000,1494,42
651100,1498,42
651200,1502,42
651300,1502,42
651400,1506,42
651500,1512,43
651600,1513,43
651700,1517,43
651800,1517,43
651900,1525,43
652000,1525,43
652100,1528,44
652200,1535,45
652300,1535,45
652400,1539,45
652500,1543,45
652600,1547,45
652700,1551,45
652800,1551,45
652900,1559,45
653000,1559,45
653100,1563,45
653200,1571,45
653300,1571,45
653400,1575,45
653500,1580,45
653600,1583,45
653700,1590,46
653800,1593,46
653900,1598,46
654000,1602,46
654100,1606,46
654200,1613,47
654300,1613,47
654400,1621,47
654500,1629,47
654600,1629,47
654700,1633,48
654800,1636,48
654900,1643,49
655000,1647,49
655100,1651,49
655200,1659,49
655300,1662,49
655400,1667,49
655500,1671,49
655600,1675,49
655700,1683,49
655800,1683,49
655900,1691,49
656000,1695,49
656100,1699,49
656200,1707,49
656300,1707,50
656400,1714,50
656500,1722,50
656600,1722,50
656700,1730,50
656800,1730,50
656900,1737,51
657000,1741,51
657100,1745,51
657200,1753,51
657300,1753,51
657400,1760,52
657500,1764,53
657600,1767,53
657700,1771,53
657800,1775,53
657900,1783,53
658000,1787,53
658100,1791,53
658200,1799,53
658300,1803,53
658400,1807,53
658500,1811,53
658600,1815,53
658700,1823,53
658800,1823,53
658900,1831,53
659000,1834,54
659100,1838,54
659200,1846,54
659300,1846,54
659400,1854,54
659500,1859,55
659600,1861,55
659700,1869,55
659800,1869,55
659900,1877,55
660000,1881,55
660100,1884,56
660200,1891,57
660300,1892,57
660400,1899,57
660500,1903,57
660600,1907,57
660700,1914,57
660800,1915,57
660900,1923,57
661000,1927,57
661100,1931,57
661200,1939,57
661300,1943,57
661400,1947,57
661500,1951,57
661600,1955,57
661700,1962,58
661800,1965,58
661900,1970,58
662000,1974,58
662100,1978,58
662200,1985,59
662300,1985,59
662400,1993,59
662500,2001,59
662600,2001,59
662700,2005,60
662800,2008,60
662900,2015,61
663000,2019,61
663100,2023,61
663200,2031,61
663300,2035,61
663400,2039,61
663500,2043,61
663600,2047,61
663700,2055,61
663800,2055,61
663900,2063,61
664000,2067,61
664100,2071,61
664200,2079,61
664300,2079,62
664400,2086,62
664500,2093,62
664600,2094,62
664700,2102,62
664800,2102,62
664900,2109,63
665000,2113,63
665100,2117,63
665200,2125,63
665300,2125,63
665400,2132,64
665500,2136,65
665600,2139,65
665700,2143,65
665800,2147,65
665900,2155,65
666000,2159,65
666100,2163,65
666200,2171,65
666300,2175,65
666400,2179,65
666500,2183,65
666600,2187,65
666700,2195,65
666800,2195,65
666900,2203,65
667000,2206,66
667100,2210,66
667200,2218,66
667300,2218,66
667400,2226,66
667500,2230,67
667600,2233,67
667700,2241,67
667800,2241,67
667900,2249,67
668000,2253,67
668100,2257,67
668200,2265,67
668300,2265,67
668400,2273,67
668500,2280,67
668600,2281,67
668700,2289,67
668800,2289,67
668900,2297,67
669000,2301,67
669100,2305,67
669200,2313,67
669300,2317,67
669400,2321,67
669500,2329,67
669600,2329,67
669700,2336,68
669800,2336,68
669900,2344,68
670000,2352,68
670100,2352,68
670200,2359,69
670300,2359,69
670400,2367,69
670500,2371,69
670600,2375,69
670700,2383,69
670800,2383,69
670900,2391,69
671000,2398,69
671100,2399,69
671200,2407,69
671300,2410,69
671400,2415,69
671500,2423,69
671600,2423,69
671700,2431,69
671800,2434,69
671900,2439,69
672000,2447,69
672100,2447,69
672200,2455,69
672300,2455,69
672400,2462,70
672500,2470,70
672600,2470,70
672700,2478,70
672800,2482,70
672900,2482,70
673000,2490,70
673100,2490,70
673200,2494,70
673300,2494,70
673400,2502,70
673500,2506,70
673600,2506,70
673700,2514,70
673800,2518,70
673900,2518,70
674000,2526,70
674100,2526,70
674200,2530,70
674300,2534,70
674400,2538,70
674500,2542,70
674600,2542,70
674700,2550,70
674800,2554,70
674900,2554,70
675000,2558,70
675100,2561,70
675200,2562,70
675300,2566,70
675400,2566,70
675500,2570,70
675600,2570,70
675700,2574,70
675800,2578,70
675900,2578,70
676000,2582,70
676100,2582,70
676200,2586,70
676300,2590,70
676400,2590,70
676500,2594,70
676600,2594,70
676700,2598,70
676800,2602,70
676900,2602,70
677000,2606,70
677100,2610,70
677200,2610,70
677300,2614,70
677400,2614,70
677500,2618,70
677600,2618,70
677700,2622,70
677800,2626,70
677900,2626,70
678000,2630,70
678100,2634,70
678200,2634,70
678300,2638,70
678400,2641,70
678500,2642,70
678600,2642,70
678700,2646,70
678800,2650,70
678900,2650,70
679000,2654,70
679100,2658,70
679200,2658,70
679300,2662,70
679400,2662,70
679500,2666,70
679600,2670,70
679700,2673,71
679800,2676,72
679900,2676,72
680000,2680,72
680100,2683,74
680200,2686,74
680300,2690,74
680400,2693,75
680500,2696,76
680600,2700,76
680700,2700,76
680800,2703,78
680900,2706,78
681000,2710,78
681100,2713,79
681200,2716,80
681300,2720,80
681400,2720,80
681500,2724,81
681600,2731,81
681700,2731,81
681800,2735,82
681900,2742,82
682000,2746,82
682100,2750,82
682200,2758,82
682300,2762,82
682400,2762,82
682500,2769,84
682600,2776,84
682700,2776,84
682800,2779,85
682900,2787,86
683000,2790,86
683100,2790,86
683200,2797,88
683300,2804,88
683400,2804,88
683500,2808,88
683600,2818,90
683700,2818,90
683800,2822,90
683900,2825,91
684000,2832,92
684100,2832,92
684200,2836,92
684300,2847,93
684400,2847,93
684500,2850,94
684600,2860,94
684700,2862,94
684800,2862,94
684900,2870,94
685000,2878,94
685100,2878,94
685200,2882,94
685300,2892,96
685400,2892,96
685500,2896,96
685600,2900,97
685700,2906,98
685800,2909,98
685900,2913,98
686000,2920,100
686100,2920,100
686200,2924,100
686300,2928,101
686400,2934,102
686500,2938,102
686600,2942,102
686700,2948,104
686800,2952,104
686900,2953,104
687000,2956,105
687100,2963,105
687200,2966,106
687300,2970,106
687400,2978,106
687500,2982,106
687600,2986,106
687700,2994,106
687800,2994,106
687900,3002,106
688000,3002,106
688100,3008,108
688200,3012,108
688300,3016,108
688400,3019,110
688500,3026,110
688600,3030,110
688700,3030,110
688800,3040,112
688900,3044,112
689000,3044,112
689100,3047,113
689200,3054,114
689300,3057,115
689400,3057,115
689500,3067,117
689600,3071,117
689700,3071,117
689800,3074,119
689900,3084,120
690000,3084,120
690100,3084,120
690200,3096,120
690300,3100,120
690400,3100,120
690500,3108,120
690600,3116,120
690700,3116,120
690800,3116,121
690900,3130,122
691000,3130,122
691100,3130,122
691200,3137,124
691300,3144,124
691400,3144,124
691500,3148,125
691600,3158,126
691700,3158,126
691800,3160,126
691900,3165,127
692000,3171,129
692100,3171,129
692200,3175,129
692300,3185,131
692400,3185,131
692500,3185,132
692600,3191,133
692700,3198,134
692800,3198,134
692900,3202,134
693000,3214,134
693100,3214,134
693200,3218,134
693300,3226,134
693400,3230,134
693500,3234,134
693600,3238,135
693700,3244,136
693800,3244,136
693900,3248,136
694000,3255,138
694100,3258,138
694200,3262,138
694300,3266,139
694400,3272,140
694500,3276,140
694600,3276,141
694700,3282,143
694800,3285,143
694900,3289,143
695000,3293,144
695100,3299,145
695200,3302,146
695300,3306,146
695400,3309,147
695500,3313,148
695600,3316,148
695700,3324,148
695800,3328,148
695900,3332,148
696000,3336,148
696100,3344,148
696200,3348,148
696300,3352,148
696400,3355,149
696500,3362,150
696600,3366,150
696700,3366,150
696800,3372,152
696900,3376,152
697000,3380,152
697100,3383,153
697200,3390,154
697300,3393,155
697400,3393,155
697500,3403,157
697600,3403,157
697700,3407,157
697800,3410,158
697900,3416,160
698000,3420,160
698100,3420,160
698200,3427,162
698300,3434,162
698400,3434,162
698500,3441,162
698600,3448,162
698700,3450,162
698800,3454,162
698900,3462,162
699000,3466,162
699100,3466,162
699200,3473,163
699300,3480,164
699400,3480,164
699500,3484,165
699600,3494,166
699700,3494,166
699800,3494,166
699900,3501,167
700000,3508,168
700100,3508,168
700200,3512,168
700300,3522,170
700400,3522,170
700500,3522,171
700600,3528,172
700700,3535,173
700800,3535,173
700900,3539,174
701000,3550,174
701100,3550,174
701200,3554,174
701300,3562,174
701400,3566,174
701500,3566,174
701600,3576,174
701700,3582,174
701800,3582,174
701900,3586,174
702000,3596,176
702100,3596,176
702200,3600,176
702300,3606,177
702400,3610,178
702500,3611,178
702600,3614,178
702700,3624,180
702800,3624,180
702900,3628,180
703000,3634,181
703100,3638,182
703200,3639,183
703300,3645,183
703400,3651,185
703500,3651,185
703600,3659,185
703700,3661,186
703800,3666,186
703900,3670,186
704000,3674,186
704100,3682,186
704200,3686,186
704300,3690,186
704400,3698,186
704500,3698,186
704600,3706,186
704700,3706,187
704800,3712,188
704900,3716,188
705000,3720,188
705100,3723,190
705200,3730,190
705300,3734,190
705400,3734,191
705500,3744,192
705600,3748,192
705700,3748,192
705800,3751,194
705900,3757,195
706000,3761,195
706100,3761,196
706200,3771,197
706300,3775,197
706400,3775,197
706500,3778,198
706600,3790,198
706700,3790,198
706800,3790,198
706900,3806,198
707000,3806,198
707100,3806,198
707200,3818,198
707300,3822,198
707400,3822,198
707500,3823,199
707600,3836,200
707700,3836,200
707800,3836,200
707900,3846,202
708000,3850,202
708100,3850,202
708200,3854,203
708300,3864,204
708400,3864,204
708500,3864,204
708600,3877,207
708700,3877,207
708800,3877,207
708900,3881,208
709000,3891,209
709100,3891,209
709200,3895,209
709300,3906,210
709400,3906,210
709500,3906,210
709600,3918,210
709700,3922,210
709800,3922,210
709900,3929,210
710000,3938,210
710100,3938,210
710200,3942,210
710300,3949,212
710400,3952,212
710500,3952,212
710600,3960,212
710700,3966,214
710800,3966,214
710900,3970,214
711000,3977,216
711100,3980,216
711200,3980,217
711300,3987,217
711400,3993,219
711500,3993,219
711600,4001,219
711700,4004,221
711800,4007,221
711900,4015,221
712000,4015,221
712100,4022,222
712200,4025,222
712300,4030,222
712400,4038,222
712500,4038,222
712600,4046,222
712700,4050,222
712800,4054,222
712900,4062,222
713000,4062,222
713100,4068,224
713200,4072,224
713300,4076,224
713400,4076,225
713500,4082,226
713600,4090,226
713700,4090,226
713800,4096,228
713900,4103,229
714000,4103,229
714100,4103,230
714200,4109,231
714300,4117,231
714400,4117,231
714500,4123,233
714600,4131,233
714700,4131,233
714800,4131,234
714900,4146,234
715000,4146,234
715100,4146,234
715200,4159,234
715300,4162,234
715400,4162,234
715500,4169,234
715600,4178,234
715700,4178,234
715800,4178,234
715900,4192,236
716000,4192,236
716100,4192,236
716200,4199,238
716300,4206,238
716400,4206,238
716500,4206,238
716600,4219,241
716700,4219,241
716800,4219,241
716900,4230,242
717000,4233,243
717100,4233,243
717200,4233,243
717300,4247,245
717400,4247,245
717500,4247,245
717600,4258,246
717700,4262,246
717800,4262,246
717900,4270,246
718000,4278,246
718100,4278,246
718200,4282,246
718300,4294,246
718400,4294,246
718500,4294,246
718600,4302,247
718700,4308,248
718800,4308,248
718900,4316,248
719000,4319,250
719100,4322,250
719200,4324,250
719300,4329,252
719400,4335,253
719500,4335,253
719600,4343,253
719700,4346,255
719800,4349,255
719900,4357,255
720000,4357,255
720100,4363,257
720200,4367,257
720300,4371,257
720400,4374,258
720500,4378,258
720600,4386,258
720700,4386,258
720800,4394,258
720900,4402,258
721000,4402,258
721100,4410,258
721200,4414,258
721300,4418,258
721400,4420,259
721500,4424,260
721600,4432,260
721700,4432,260
721800,4438,262
721900,4442,263
722000,4445,263
722100,4447,264
722200,4455,265
722300,4459,265
722400,4459,265
722500,4467,267
722600,4473,267
722700,4473,267
722800,4475,268
722900,4487,269
723000,4487,269
723100,4487,269
723200,4498,270
723300,4502,270
723400,4502,270
723500,4509,270
723600,4518,270
723700,4518,270
723800,4518,270
723900,4534,270
724000,4534,270
724100,4534,270
724200,4544,272
724300,4548,272
724400,4548,272
724500,4548,273
724600,4561,275
724700,4561,275
724800,4561,275
724900,4572,276
725000,4575,277
725100,4575,277
725200,4579,278
725300,4589,279
725400,4589,279
725500,4593,279
725600,4600,280
725700,4603,281
725800,4603,281
725900,4611,281
726000,4618,282
726100,4618,282
726200,4622,282
726300,4630,282
726400,4634,282
726500,4636,282
726600,4646,282
726700,4650,282
726800,4650,282
726900,4658,282
727000,4663,284
727100,4664,284
727200,4668,284
727300,4671,286
727400,4677,287
727500,4681,287
727600,4685,287
727700,4688,289
727800,4691,289
727900,4699,289
728000,4699,290
728100,4705,291
728200,4709,291
728300,4713,291
728400,4716,293
728500,4723,293
728600,4727,293
728700,4727,294
728800,4734,294
728900,4742,294
729000,4742,294
729100,4750,294
729200,4754,294
729300,4758,294
729400,4762,294
729500,4770,294
729600,4774,294
729700,4774,294
729800,4780,296
729900,4784,297
730000,4787,297
730100,4790,298
730200,4797,299
730300,4801,299
730400,4801,299
730500,4811,301
730600,4815,301
730700,4815,301
730800,4819,302
730900,4829,303
731000,4829,303
731100,4829,303
731200,4839,305
731300,4843,305
731400,4843,305
731500,4850,306
731600,4858,306
731700,4858,306
731800,4858,306
731900,4874,306
732000,4874,306
732100,4874,306
732200,4886,306
732300,4890,306
732400,4890,306
732500,4894,307
732600,4903,309
732700,4903,309
732800,4907,309
732900,4910,311
733000,4917,311
733100,4917,311
733200,4921,312
733300,4931,313
733400,4931,313
733500,4935,313
733600,4942,315
733700,4945,315
733800,4949,315
733900,4953,315
734000,4959,317
734100,4959,317
734200,4963,317
734300,4970,318
734400,4974,318
734500,4978,318
734600,4982,318
734700,4990,318
734800,4994,318
734900,4998,318
735000,5006,318
735100,5006,318
735200,5010,318
735300,5013,320
735400,5019,321
735500,5023,321
735600,5027,321
735700,5033,323
735800,5037,323
735900,5037,323
736000,5041,324
736100,5051,325
736200,5051,325
736300,5055,325
736400,5061,327
736500,5065,327
736600,5069,327
736700,5069,328
736800,5079,329
736900,5083,329
737000,5083,329
737100,5091,330
737200,5094,330
737300,5098,330
737400,5102,330
737500,5110,330
737600,5114,330
737700,5114,330
737800,5126,330
737900,5126,331
738000,5129,331
738100,5136,333
738200,5139,333
738300,5143,333
738400,5143,333
738500,5153,335
738600,5157,335
738700,5157,335
738800,5164,336
738900,5170,337
739000,5171,337
739100,5175,337
739200,5181,339
739300,5185,339
739400,5185,339
739500,5192,340
739600,5199,341
739700,5199,341
739800,5203,341
739900,5214,342
740000,5214,342
740100,5218,342
740200,5222,342
740300,5230,342
740400,5230,342
740500,5237,342
740600,5245,343
740700,5245,343
740800,5249,343
740900,5252,345
741000,5259,345
741100,5263,345
741200,5263,346
741300,5273,347
741400,5275,347
741500,5277,347
741600,5284,349
741700,5287,349
741800,5291,349
741900,5295,349
742000,5301,351
742100,5305,351
742200,5305,351
742300,5312,353
742400,5315,353
742500,5319,353
742600,5323,353
742700,5330,354
742800,5334,354
742900,5338,354
743000,5346,354
743100,5350,354
743200,5350,354
743300,5357,355
743400,5365,355
743500,5365,355
743600,5369,355
743700,5373,357
743800,5379,357
743900,5379,357
744000,5383,358
744100,5393,359
744200,5393,359
744300,5397,359
744400,5404,361
744500,5407,361
744600,5411,361
744700,5411,362
744800,5421,363
744900,5425,363
745000,5425,363
745100,5432,365
745200,5435,365
745300,5439,365
745400,5440,366
745500,5450,366
745600,5454,366
745700,5454,366
745800,5466,366
745900,5466,367
746000,5469,367
746100,5477,367
746200,5481,367
746300,5485,367
746400,5489,367
746500,5495,369
746600,5499,369
746700,5499,369
746800,5506,370
746900,5511,371
747000,5513,371
747100,5517,371
747200,5523,373
747300,5527,373
747400,5531,373
747500,5534,374
747600,5541,375
747700,5541,375
747800,5545,375
747900,5555,377
748000,5555,377
748100,5559,377
748200,5562,378
748300,5570,378
748400,5574,378
748500,5574,378
748600,5585,379
748700,5585,379
748800,5589,379
748900,5597,379
749000,5601,379
749100,5605,379
749200,5605,380
749300,5615,381
749400,5619,381
749500,5619,381
749600,5626,383
749700,5633,383
749800,5633,383
749900,5633,384
750000,5643,385
750100,5647,385
750200,5647,385
750300,5654,387
750400,5661,387
750500,5661,387
750600,5665,388
750700,5675,389
750800,5675,389
750900,5679,389
751000,5682,390
751100,5690,390
751200,5690,390
751300,5693,391
751400,5705,391
751500,5705,391
751600,5709,391
751700,5721,391
751800,5721,391
751900,5721,391
752000,5725,392
752100,5735,393
752200,5735,393
752300,5739,393
752400,5749,395
752500,5749,395
752600,5753,395
752700,5757,396
752800,5763,397
752900,5763,397
753000,5767,397
753100,5777,399
753200,5777,399
753300,5781,399
753400,5785,400
753500,5791,401
753600,5795,401
753700,5799,401
753800,5806,402
753900,5806,402
754000,5812,403
754100,5817,403
754200,5821,403
754300,5825,403
754400,5829,403
754500,5837,403
754600,5841,403
754700,5845,403
754800,5848,405
754900,5851,405
755000,5859,405
755100,5859,405
755200,5865,407
755300,5869,407
755400,5873,407
755500,5876,408
755600,5883,409
755700,5887,409
755800,5887,409
755900,5897,411
756000,5901,411
756100,5901,411
756200,5904,412
756300,5911,413
756400,5915,413
756500,5915,413
756600,5925,415
756700,5929,416
756800,5929,416
756900,5933,416
757000,5944,417
757100,5944,417
757200,5948,417
757300,5956,417
757400,5960,417
757500,5960,417
757600,5965,419
757700,5974,419
757800,5974,419
757900,5974,420
758000,5988,421
758100,5988,421
758200,5988,421
758300,5995,423
758400,6002,423
758500,6002,423
758600,6006,424
758700,6016,425
758800,6016,425
758900,6016,425
759000,6027,427
759100,6030,427
759200,6030,427
759300,6033,429
759400,6044,429
759500,6044,429
759600,6044,429
759700,6060,429
759800,6060,429
759900,6060,429
760000,6072,429
760100,6076,429
760200,6076,429
760300,6084,429
760400,6090,432
760500,6090,432
760600,6094,432
760700,6101,433
760800,6104,434
760900,6104,434
761000,6112,434
761100,6118,436
761200,6118,436
761300,6126,436
761400,6129,437
761500,6132,438
761600,6136,438
761700,6140,438
761800,6146,440
761900,6146,440
762000,6153,441
762100,6156,442
762200,6160,442
762300,6168,442
762400,6168,442
762500,6176,442
762600,6176,442
762700,6184,442
762800,6192,442
762900,6192,442
763000,6200,442
763100,6200,443
763200,6206,444
763300,6214,444
763400,6214,444
763500,6217,446
763600,6221,446
763700,6228,446
763800,6228,447
763900,6234,448
764000,6242,448
764100,6242,448
764200,6245,450
764300,6256,450
764400,6256,450
764500,6256,451
764600,6262,452
764700,6269,453
764800,6269,453
764900,6272,454
765000,6284,454
765100,6284,454
765200,6286,454
765300,6300,455
765400,6300,455
765500,6300,455
765600,6310,455
765700,6316,455
765800,6316,455
765900,6319,456
766000,6330,457
766100,6330,457
766200,6330,457
766300,6341,459
766400,6344,459
766500,6344,459
766600,6349,460
766700,6359,461
766800,6359,461
766900,6359,461
767000,6370,463
767100,6373,463
767200,6373,463
767300,6377,465
767400,6386,466
767500,6386,466
767600,6386,466
767700,6397,467
767800,6401,467
767900,6401,467
768000,6411,467
768100,6417,467
768200,6417,467
768300,6419,467
768400,6433,467
768500,6433,467
768600,6433,467
768700,6444,469
768800,6447,469
768900,6447,469
769000,6455,469
769100,6461,471
769200,6461,471
769300,6461,471
769400,6472,472
769500,6475,473
769600,6475,473
769700,6483,473
769800,6489,475
769900,6489,475
770000,6493,476
770100,6499,477
770200,6502,478
770300,6506,478
770400,6510,478
770500,6517,479
770600,6517,479
770700,6525,479
770800,6529,479
770900,6533,479
771000,6538,479
771100,6541,479
771200,6549,479
771300,6553,479
771400,6557,479
771500,6560,481
771600,6563,481
771700,6571,481
771800,6571,481
771900,6577,483
772000,6585,483
772100,6585,483
772200,6588,485
772300,6595,485
772400,6599,485
772500,6599,485
772600,6605,487
772700,6612,488
772800,6612,488
772900,6615,489
773000,6622,490
773100,6626,490
773200,6626,490
773300,6637,491
773400,6641,491
773500,6641,491
773600,6648,491
773700,6657,491
773800,6657,491
773900,6661,491
774000,6669,491
774100,6673,491
774200,6673,491
774300,6679,494
774400,6686,494
774500,6686,494
774600,6686,495
774700,6700,496
774800,6700,496
774900,6700,496
775000,6711,498
775100,6714,498
775200,6714,498
775300,6717,499
775400,6727,501
775500,6727,501
775600,6727,501
775700,6735,502
775800,6741,503
775900,6741,503
776000,6745,504
776100,6756,504
776200,6756,504
776300,6760,504
776400,6768,504
776500,6772,504
776600,6772,504
776700,6784,504
776800,6788,504
776900,6788,504
777000,6792,504
777100,6802,506
777200,6802,506
777300,6806,506
777400,6813,507
777500,6816,508
777600,6816,508
777700,6824,508
777800,6830,510
777900,6830,510
778000,6834,510
778100,6840,512
778200,6843,513
778300,6847,513
778400,6851,513
778500,6857,515
778600,6858,515
778700,6865,515
778800,6868,516
778900,6871,517
779000,6875,517
779100,6879,517
779200,6887,517
779300,6891,517
779400,6895,517
779500,6899,517
779600,6903,517
779700,6911,517
779800,6911,518
779900,6917,519
780000,6921,519
780100,6925,519
780200,6928,521
780300,6935,521
780400,6939,521
780500,6939,522
780600,6949,523
780700,6949,524
780800,6952,524
780900,6955,526
781000,6962,526
781100,6966,526
781200,6966,526
781300,6976,528
781400,6980,528
781500,6980,528
781600,6987,529
781700,6995,529
781800,6995,529
781900,6995,529
782000,7007,529
782100,7011,529
782200,7011,529
782300,7023,529
782400,7027,529
782500,7027,529
782600,7031,530
782700,7041,531
782800,7041,531
782900,7041,531
783000,7051,533
783100,7055,533
783200,7055,533
783300,7059,534
783400,7068,536
783500,7068,536
783600,7072,536
783700,7080,538
783800,7082,538
783900,7082,538
784000,7086,539
784100,7096,540
784200,7096,540
784300,7100,540
784400,7111,541
784500,7111,541
784600,7115,541
784700,7123,541
784800,7127,541
784900,7127,541
785000,7131,541
785100,7143,541
785200,7143,541
785300,7147,541
785400,7154,543
785500,7157,543
785600,7161,543
785700,7165,543
785800,7171,545
785900,7173,545
786000,7175,545
786100,7181,548
786200,7184,548
786300,7188,548
786400,7192,548
786500,7198,550
786600,7202,550
786700,7202,550
786800,7209,552
786900,7216,552
787000,7216,552
787100,7220,552
787200,7227,553
787300,7231,553
787400,7235,553
787500,7243,553
787600,7247,553
787700,7251,553
787800,7255,553
787900,7263,553
788000,7263,553
788100,7267,553
788200,7273,555
788300,7277,555
788400,7281,555
788500,7281,556
788600,7291,557
788700,7291,558
788800,7294,558
788900,7304,560
789000,7304,560
789100,7308,560
789200,7308,561
789300,7318,562
789400,7322,562
789500,7322,562
789600,7330,564
789700,7334,564
789800,7336,564
789900,7340,565
790000,7347,565
790100,7351,565
790200,7351,565
790300,7363,565
790400,7367,565
790500,7367,565
790600,7375,565
790700,7383,565
790800,7383,565
790900,7387,565
791000,7393,567
791100,7397,567
791200,7397,567
791300,7404,568
791400,7410,570
791500,7410,570
791600,7414,570
791700,7420,572
791800,7424,572
791900,7428,572
792000,7431,573
792100,7438,574
792200,7442,574
792300,7442,574
792400,7452,576
792500,7452,576
792600,7456,576
792700,7459,577
792800,7467,577
792900,7471,577
793000,7471,577
793100,7483,577
793200,7485,577
793300,7487,577
793400,7499,577
793500,7499,577
793600,7503,577
793700,7507,578
793800,7513,579
793900,7517,579
794000,7517,579
794100,7523,582
794200,7530,582
794300,7530,582
794400,7534,583
794500,7540,584
794600,7544,584
794700,7544,584
794800,7551,586
794900,7558,586
795000,7558,586
795100,7562,586
795200,7572,588
795300,7572,588
795400,7576,588
795500,7579,589
795600,7587,589
795700,7587,589
795800,7591,589
795900,7603,589
796000,7603,589
796100,7607,589
796200,7619,589
796300,7619,589
796400,7623,589
796500,7623,590
796600,7633,591
796700,7633,591
796800,7636,592
796900,7646,594
797000,7646,594
797100,7650,594
797200,7654,595
797300,7660,596
797400,7664,596
797500,7666,596
797600,7674,598
797700,7674,598
797800,7678,598
797900,7682,599
798000,7688,600
798100,7692,600
798200,7696,600
798300,7703,601
798400,7707,601
798500,7707,601
798600,7715,601
798700,7719,601
798800,7723,601
798900,7727,601
799000,7735,601
799100,7739,601
799200,7743,601
799300,7746,603
799400,7750,604
799500,7756,604
799600,7756,604
799700,7762,606
799800,7766,606
799900,7770,606
800000,7773,608
800100,7780,608
800200,7784,608
800300,7784,608
800400,7794,610
800500,7798,610
800600,7798,610
800700,7801,612
800800,7808,612
800900,7812,612
801000,7812,612
801100,7823,613
801200,7827,613
801300,7827,613
801400,7839,613
801500,7843,613
801600,7843,613
801700,7847,613
801800,7855,613
801900,7859,613
802000,7859,613
802100,7868,616
802200,7872,616
802300,7872,616
802400,7872,617
802500,7886,618
802600,7886,618
802700,7886,618
802800,7896,620
802900,7900,620
803000,7900,620
803100,7904,621
803200,7914,622
803300,7914,622
803400,7915,622
803500,7927,624
803600,7928,624
803700,7928,624
803800,7932,625
803900,7943,625
804000,7943,625
804100,7947,625
804200,7959,625
804300,7959,625
804400,7963,625
804500,7971,625
804600,7975,625
804700,7975,625
804800,7978,626
804900,7989,627
805000,7989,627
805100,7993,627
805200,8000,629
805300,8003,629
805400,8003,629
805500,8011,629
805600,8017,631
805700,8017,631
805800,8024,631
805900,8028,632
806000,8031,633
806100,8035,633
806200,8039,633
806300,8045,635
806400,8049,635
806500,8053,635
806600,8057,635
806700,8061,635
806800,8065,635
806900,8069,635
807000,8077,635
807100,8081,635
807200,8085,635
807300,8093,635
807400,8093,636
807500,8100,636
807600,8104,636
807700,8107,637
807800,8115,637
807900,8115,638
808000,8121,639
808100,8125,639
808200,8129,639
808300,8132,640
808400,8135,641
808500,8143,641
808600,8143,642
808700,8149,643
808800,8155,643
808900,8157,643
809000,8160,644
809100,8167,645
809200,8171,645
809300,8171,645
809400,8183,645
809500,8187,645
809600,8187,645
809700,8195,645
809800,8203,645
809900,8203,645
810000,8207,645
810100,8212,646
810200,8218,646
810300,8221,646
810400,8225,647
810500,8233,647
810600,8233,647
810700,8236,648
810800,8247,649
810900,8247,649
811000,8249,650
811100,8257,651
811200,8261,651
811300,8261,651
811400,8264,652
811500,8275,653
811600,8275,653
811700,8277,654
811800,8289,655
811900,8289,655
812000,8289,655
812100,8297,655
812200,8305,655
812300,8305,655
812400,8309,655
812500,8321,655
812600,8321,655
812700,8322,655
812800,8336,656
812900,8336,656
813000,8336,656
813100,8344,656
813200,8351,657
813300,8351,657
813400,8354,658
813500,8365,659
813600,8365,659
813700,8365,659
813800,8376,660
813900,8379,661
814000,8379,661
814100,8386,662
814200,8393,663
814300,8393,663
814400,8393,663
814500,8404,664
814600,8407,665
814700,8407,665
814800,8419,665
814900,8423,665
815000,8423,665
815100,8430,665
815200,8436,665
815300,8439,665
815400,8439,665
815500,8450,666
815600,8454,666
815700,8454,666
815800,8466,666
815900,8466,667
816000,8469,667
816100,8473,668
816200,8480,668
816300,8483,669
816400,8487,669
816500,8494,670
816600,8494,671
816700,8497,671
816800,8505,672
816900,8508,672
817000,8511,673
817100,8515,673
817200,8522,674
817300,8522,675
817400,8525,675
817500,8533,675
817600,8537,675
817700,8541,675
817800,8549,675
817900,8553,675
818000,8557,675
818100,8561,675
818200,8568,676
818300,8572,676
818400,8576,676
818500,8580,676
818600,8584,676
818700,8587,677
818800,8595,677
818900,8598,678
819000,8598,679
819100,8605,679
819200,8609,680
819300,8612,680
819400,8619,681
819500,8623,681
819600,8626,682
819700,8626,683
819800,8637,683
819900,8637,684
820000,8640,684
820100,8647,685
820200,8651,685
820300,8655,685
820400,8663,685
820500,8667,685
820600,8671,685
820700,8671,685
820800,8679,686
820900,8682,686
821000,8686,686
821100,8694,686
821200,8698,686
821300,8702,686
821400,8706,687
821500,8713,687
821600,8716,688
821700,8720,688
821800,8727,689
821900,8727,689
822000,8730,690
822100,8734,691
822200,8741,691
822300,8744,692
822400,8748,692
822500,8755,693
822600,8755,693
822700,8761,694
822800,8762,695
822900,8769,695
823000,8773,695
823100,8777,695
823200,8785,695
823300,8785,695
823400,8793,695
823500,8797,696
823600,8800,696
823700,8808,696
823800,8808,696
823900,8816,696
824000,8820,696
824100,8824,696
824200,8831,697
824300,8831,698
824400,8838,698
824500,8842,699
824600,8845,699
824700,8852,700
824800,8852,700
824900,8859,701
825000,8859,702
825100,8866,702
825200,8870,703
825300,8873,703
825400,8880,704
825500,8884,704
825600,8887,705
825700,8891,705
825800,8896,705
825900,8901,705
826000,8903,705
826100,8911,705
826200,8914,706
826300,8918,706
826400,8926,706
826500,8929,706
826600,8934,706
826700,8938,706
826800,8942,706
826900,8946,706
827000,8953,707
827100,8956,708
827200,8960,708
827300,8963,709
827400,8967,710
827500,8974,710
827600,8974,710
827700,8981,711
827800,8984,712
827900,8988,712
828000,8993,713
828100,8995,714
828200,9002,714
828300,9002,714
828400,9009,715
828500,9017,715
828600,9017,715
828700,9025,715
828800,9029,715
828900,9032,716
829000,9038,716
829100,9040,716
829200,9048,716
829300,9048,716
829400,9056,716
829500,9064,716
829600,9064,716
829700,9071,717
829800,9072,718
829900,9078,718
830000,9078,718
830100,9085,719
830200,9092,720
830300,9092,720
830400,9099,721
830500,9104,722
830600,9106,722
830700,9110,722
830800,9113,723
830900,9120,724
831000,9120,724
831100,9127,725
831200,9134,725
831300,9135,725
831400,9139,725
831500,9143,726
831600,9150,726
831700,9154,726
831800,9158,726
831900,9166,726
832000,9170,726
832100,9174,726
832200,9182,726
832300,9182,726
832400,9186,726
832500,9190,727
832600,9196,728
832700,9200,728
832800,9203,729
832900,9210,730
833000,9214,730
833100,9214,730
833200,9221,731
833300,9224,732
833400,9228,732
833500,9235,733
833600,9238,734
833700,9242,734
833800,9242,734
833900,9249,735
834000,9257,735
834100,9257,735
834200,9261,736
834300,9268,736
834400,9272,736
834500,9272,736
834600,9284,736
834700,9288,736
834800,9288,736
834900,9296,736
835000,9304,736
835100,9304,736
835200,9308,737
835300,9314,738
835400,9318,738
835500,9318,738
835600,9325,740
835700,9332,740
835800,9332,740
835900,9336,741
836000,9346,742
836100,9346,742
836200,9350,742
836300,9353,743
836400,9360,744
836500,9361,744
836600,9364,745
836700,9375,745
836800,9375,745
836900,9378,746
837000,9386,746
837100,9390,746
837200,9393,746
837300,9400,746
837400,9406,746
837500,9406,746
837600,9414,746
837700,9422,746
837800,9422,746
837900,9426,746
838000,9433,748
838100,9436,748
838200,9440,748
838300,9440,749
838400,9450,750
838500,9450,750
838600,9454,750
838700,9461,752
838800,9464,752
838900,9468,752
839000,9472,753
839100,9478,754
839200,9482,754
839300,9486,754
839400,9489,755
839500,9493,755
839600,9496,756
839700,9504,756
839800,9508,756
839900,9512,756
840000,9516,756
840100,9524,756
840200,9525,756
840300,9532,756
840400,9540,756
840500,9540,756
840600,9544,756
840700,9548,757
840800,9554,758
840900,9558,758
841000,9562,758
841100,9565,760
841200,9572,760
841300,9576,760
841400,9576,761
841500,9582,762
841600,9586,762
841700,9590,762
841800,9593,764
841900,9600,764
842000,9604,764
842100,9604,765
842200,9611,766
842300,9618,766
842400,9618,766
842500,9626,766
842600,9632,766
842700,9634,766
842800,9638,766
842900,9646,766
843000,9650,766
843100,9650,766
843200,9662,766
843300,9666,766
843400,9666,766
843500,9669,768
843600,9676,768
843700,9680,768
843800,9680,768
843900,9690,770
844000,9694,770
844100,9694,770
844200,9701,772
844300,9708,772
844400,9708,772
844500,9708,773
844600,9722,774
844700,9722,774
844800,9722,774
844900,9728,776
845000,9736,776
845100,9736,776
845200,9736,776
845300,9752,776
845400,9752,776
845500,9752,776
845600,9768,776
845700,9768,776
845800,9768,776
845900,9780,776
846000,9784,776
846100,9784,776
846200,9787,776
846300,9798,778
846400,9798,778
846500,9798,778
846600,9808,779
846700,9812,780
846800,9812,780
846900,9816,780
847000,9826,782
847100,9826,782
847200,9830,782
847300,9836,783
847400,9840,784
847500,9840,784
847600,9847,785
847700,9854,786
847800,9854,786
847900,9860,786
848000,9866,786
848100,9870,786
848200,9870,786
848300,9878,786
848400,9886,786
848500,9886,786
848600,9894,786
848700,9902,786
848800,9902,786
848900,9906,786
849000,9910,787
849100,9916,788
849200,9920,788
849300,9924,788
849400,9930,790
849500,9930,790
849600,9938,790
849700,9938,791
849800,9944,792
849900,9950,792
850000,9952,792
850100,9958,794
850200,9958,795
850300,9965,795
850400,9965,796
850500,9972,796
850600,9980,796
850700,9980,796
850800,9988,796
850900,9996,796
851000,9996,796
851100,10004,796
851200,10004,796
851300,10012,796
851400,10016,796
851500,10020,796
851600,10028,796
851700,10028,796
851800,10033,798
851900,10042,798
852000,10042,798
852100,10042,799
852200,10052,800
852300,10056,800
852400,10056,800
852500,10061,802
852600,10070,802
852700,10070,802
852800,10070,803
852900,10083,805
853000,10083,805
853100,10083,805
853200,10090,806
853300,10098,806
853400,10098,806
853500,10102,806
853600,10114,806
853700,10114,806
853800,10114,806
853900,10130,806
854000,10130,806
854100,10130,806
854200,10138,806
854300,10146,806
854400,10146,806
854500,10146,807
854600,10160,808
854700,10160,808
854800,10160,808
854900,10171,810
855000,10174,810
855100,10174,810
855200,10175,811
855300,10188,812
855400,10188,812
855500,10188,812
855600,10198,815
855700,10201,815
855800,10201,815
855900,10205,816
856000,10216,816
856100,10216,816
856200,10216,816
856300,10232,816
856400,10232,816
856500,10232,816
856600,10244,816
856700,10248,816
856800,10248,816
856900,10254,816
857000,10264,816
857100,10264,816
857200,10264,816
857300,10275,818
857400,10278,818
857500,10278,818
857600,10286,818
857700,10292,820
857800,10292,820
857900,10300,820
858000,10303,822
858100,10306,822
858200,10306,822
858300,10313,823
858400,10319,825
858500,10319,825
858600,10327,825
858700,10330,826
858800,10334,826
858900,10338,826
859000,10342,826
859100,10350,826
859200,10350,826
859300,10358,826
859400,10366,826
859500,10366,826
859600,10374,826
859700,10378,826
859800,10382,826
859900,10390,826
860000,10390,826
860100,10396,828
860200,10396,828
860300,10404,828
860400,10407,829
860500,10410,830
860600,10418,830
860700,10418,830
860800,10424,832
860900,10428,833
861000,10431,833
861100,10434,834
861200,10441,835
861300,10445,835
861400,10445,835
861500,10452,836
861600,10460,836
861700,10460,836
861800,10466,836
861900,10474,836
862000,10476,836
862100,10480,836
862200,10488,836
862300,10492,836
862400,10492,836
862500,10500,836
862600,10508,836
862700,10508,836
862800,10511,838
862900,10522,838
863000,10522,838
863100,10522,838
863200,10532,840
863300,10536,840
863400,10536,840
863500,10539,841
863600,10549,843
863700,10549,843
863800,10549,843
863900,10559,845
864000,10563,845
864100,10563,845
864200,10569,846
864300,10578,846
864400,10578,846
864500,10578,846
864600,10594,846
864700,10594,846
864800,10594,846
864900,10606,846
865000,10610,846
865100,10610,846
865200,10618,846
865300,10626,846
865400,10626,846
865500,10629,846
865600,10640,848
865700,10640,848
865800,10640,848
865900,10648,849
866000,10654,850
866100,10654,850
866200,10658,850
866300,10665,853
866400,10667,853
866500,10671,853
866600,10673,854
866700,10681,855
866800,10681,855
866900,10685,855
867000,10692,856
867100,10696,856
867200,10700,856
867300,10708,856
867400,10712,856
867500,10716,856
867600,10720,856
867700,10728,856
867800,10728,856
867900,10732,856
868000,10744,856
868100,10744,856
868200,10748,856
868300,10752,857
868400,10758,858
868500,10762,858
868600,10766,858
868700,10769,860
868800,10772,860
868900,10776,860
869000,10779,862
869100,10785,863
869200,10789,863
869300,10793,863
869400,10796,865
869500,10803,865
869600,10807,865
869700,10807,866
869800,10814,866
869900,10818,866
870000,10822,866
870100,10830,866
870200,10834,866
870300,10838,866
870400,10842,866
870500,10850,866
870600,10854,866
870700,10856,866
870800,10866,866
870900,10866,866
871000,10870,866
871100,10873,868
871200,10880,868
871300,10884,868
871400,10884,869
871500,10894,870
871600,10894,871
871700,10897,871
871800,10904,873
871900,10907,873
872000,10911,873
872100,10911,874
872200,10921,875
872300,10925,875
872400,10925,875
872500,10932,876
872600,10936,876
872700,10940,876
872800,10947,876
872900,10952,876
873000,10956,876
873100,10956,876
873200,10968,876
873300,10972,876
873400,10972,876
873500,10984,876
873600,10984,876
873700,10988,876
873800,10992,877
873900,10998,878
874000,11002,878
874100,11006,878
874200,11009,880
874300,11012,881
874400,11015,881
874500,11019,882
874600,11025,883
874700,11029,883
874800,11033,883
874900,11036,885
875000,11043,885
875100,11045,885
875200,11047,886
875300,11058,886
875400,11058,886
875500,11062,886
875600,11070,886
875700,11074,886
875800,11078,886
875900,11082,886
876000,11090,886
876100,11094,886
876200,11094,886
876300,11106,886
876400,11106,886
876500,11110,886
876600,11113,888
876700,11120,888
876800,11124,888
876900,11124,888
877000,11133,891
877100,11137,891
877200,11137,891
877300,11140,893
877400,11151,893
877500,11151,893
877600,11151,893
877700,11161,895
877800,11165,895
877900,11165,895
878000,11172,896
878100,11180,896
878200,11180,896
878300,11180,896
878400,11192,896
878500,11196,896
878600,11196,896
878700,11208,896
878800,11212,896
878900,11212,896
879000,11220,896
879100,11228,896
879200,11228,896
879300,11228,896
879400,11242,898
879500,11242,898
879600,11242,898
879700,11248,900
879800,11255,901
879900,11255,901
880000,11255,901
880100,11269,903
880200,11269,903
880300,11269,903
880400,11276,904
880500,11283,905
880600,11283,905
880700,11287,905
880800,11298,906
880900,11298,906
881000,11300,906
881100,11310,906
881200,11314,906
881300,11314,906
881400,11322,906
881500,11330,906
881600,11330,906
881700,11334,906
881800,11346,906
881900,11346,906
882000,11349,906
882100,11354,907
882200,11360,908
882300,11360,908
882400,11367,909
882500,11373,911
882600,11373,911
882700,11375,911
882800,11381,912
882900,11387,913
883000,11387,913
883100,11395,913
883200,11401,915
883300,11401,915
883400,11409,915
883500,11409,916
883600,11416,916
883700,11420,916
883800,11424,916
883900,11432,916
884000,11432,916
884100,11440,916
884200,11444,916
884300,11448,916
884400,11456,916
884500,11460,916
884600,11464,916
884700,11471,916
884800,11472,916
884900,11475,918
885000,11478,918
885100,11485,919
885200,11485,920
885300,11491,921
885400,11499,921
885500,11499,921
885600,11502,923
885700,11509,923
885800,11513,923
885900,11513,924
886000,11519,925
886100,11527,925
886200,11527,925
886300,11530,926
886400,11542,926
886500,11542,926
886600,11546,926
886700,11556,926
886800,11558,926
886900,11558,926
887000,11566,926
887100,11574,926
887200,11574,926
887300,11582,926
887400,11590,926
887500,11590,926
887600,11590,927
887700,11600,929
887800,11603,929
887900,11603,929
888000,11606,931
888100,11617,931
888200,11617,931
888300,11617,932
888400,11631,933
888500,11631,933
888600,11631,933
888700,11638,935
888800,11645,935
888900,11645,935
889000,11645,936
889100,11660,936
889200,11660,936
889300,11660,936
889400,11675,936
889500,11676,936
889600,11676,936
889700,11684,936
889800,11692,936
889900,11692,936
890000,11692,936
890100,11708,936
890200,11708,936
890300,11708,936
890400,11716,939
890500,11721,939
890600,11721,939
890700,11725,939
890800,11735,941
890900,11735,941
891000,11735,941
891100,11746,942
891200,11749,943
891300,11749,943
891400,11757,943
891500,11763,945
891600,11763,945
891700,11767,945
891800,11774,946
891900,11778,946
892000,11778,946
892100,11786,946
892200,11794,946
892300,11794,946
892400,11802,946
892500,11810,946
892600,11810,946
892700,11817,946
892800,11822,946
892900,11826,946
893000,11827,946
893100,11833,947
893200,11839,949
893300,11839,949
893400,11845,949
893500,11847,950
893600,11853,951
893700,11857,951
893800,11861,951
893900,11867,953
894000,11867,953
894100,11875,953
894200,11875,954
894300,11881,955
894400,11889,955
894500,11889,955
894600,11896,956
894700,11900,956
894800,11904,956
894900,11908,956
895000,11916,956
895100,11920,956
895200,11920,956
895300,11928,956
895400,11936,956
895500,11936,956
895600,11944,956
895700,11948,956
895800,11951,957
895900,11951,958
896000,11961,959
896100,11965,959
896200,11965,959
896300,11968,961
896400,11975,961
896500,11979,961
896600,11979,962
896700,11989,963
896800,11993,963
896900,11993,963
897000,12000,965
897100,12007,965
897200,12007,965
897300,12007,966
897400,12022,966
897500,12022,966
897600,12022,966
897700,12034,966
897800,12038,966
897900,12038,966
898000,12046,966
898100,12054,966
898200,12054,966
898300,12056,966
898400,12066,967
898500,12069,967
898600,12069,967
898700,12076,969
898800,12083,969
898900,12083,969
899000,12087,969
899100,12097,971
899200,12097,971
899300,12097,971
899400,12104,973
899500,12111,973
899600,12111,973
899700,12115,973
899800,12125,975
899900,12125,975
900000,12129,975
900100,12136,976
900200,12140,976
900300,12144,976
900400,12144,976
900500,12156,976
900600,12156,976
900700,12160,976
900800,12172,976
900900,12172,976
901000,12176,976
901100,12180,977
901200,12187,977
901300,12191,977
901400,12191,977
901500,12201,979
901600,12201,979
901700,12205,979
901800,12211,980
901900,12215,981
902000,12219,981
902100,12219,981
902200,12229,983
902300,12233,983
902400,12233,983
902500,12238,984
902600,12243,985
902700,12247,985
902800,12251,985
902900,12258,986
903000,12262,986
903100,12265,986
903200,12270,986
903300,12278,986
903400,12278,986
903500,12282,986
903600,12292,986
903700,12294,986
903800,12297,987
903900,12305,987
904000,12309,987
904100,12309,987
904200,12313,988
904300,12323,989
904400,12323,989
904500,12327,989
904600,12333,991
904700,12337,991
904800,12341,991
904900,12341,992
905000,12351,993
905100,12351,993
905200,12355,993
905300,12365,995
905400,12365,995
905500,12369,995
905600,12373,996
905700,12380,996
905800,12384,996
905900,12384,996
906000,12396,996
906100,12400,996
906200,12400,996
906300,12408,996
906400,12412,996
906500,12415,997
906600,12423,997
906700,12427,997
906800,12431,997
906900,12431,997
907000,12441,999
907100,12441,999
907200,12445,999
907300,12449,1000
907400,12455,1001
907500,12459,1001
907600,12463,1001
907700,12469,1003
907800,12473,1003
907900,12473,1003
908000,12477,1004
908100,12483,1005
908200,12487,1005
908300,12491,1005
908400,12498,1006
908500,12502,1006
908600,12506,1006
908700,12510,1006
908800,12518,1006
908900,12522,1006
909000,12522,1006
909100,12530,1006
909200,12533,1007
909300,12537,1007
909400,12545,1007
909500,12549,1007
909600,12553,1007
909700,12553,1008
909800,12559,1009
909900,12563,1009
910000,12567,1009
910100,12571,1011
910200,12577,1011
910300,12581,1011
910400,12581,1012
910500,12591,1013
910600,12595,1013
910700,12595,1013
910800,12599,1015
910900,12609,1015
911000,12609,1015
911100,12609,1016
911200,12620,1016
911300,12624,1016
911400,12624,1016
911500,12636,1016
911600,12640,1016
911700,12640,1016
911800,12644,1016
911900,12655,1017
912000,12655,1017
912100,12655,1017
912200,12667,1017
912300,12671,1017
912400,12671,1017
912500,12679,1019
912600,12685,1019
912700,12685,1019
912800,12685,1019
912900,12699,1021
913000,12699,1021
913100,12699,1021
913200,12706,1022
913300,12713,1023
913400,12713,1023
913500,12717,1023
913600,12727,1025
913700,12727,1025
913800,12727,1025
913900,12735,1026
914000,12742,1026
914100,12742,1026
914200,12746,1026
914300,12758,1026
914400,12758,1026
914500,12758,1027
914600,12772,1027
914700,12773,1027
914800,12773,1027
914900,12783,1027
915000,12789,1027
915100,12789,1027
915200,12793,1027
915300,12801,1029
915400,12803,1029
915500,12807,1029
915600,12811,1030
915700,12817,1031
915800,12817,1031
915900,12825,1031
916000,12829,1033
916100,12831,1033
916200,12835,1033
916300,12839,1034
916400,12845,1035
916500,12849,1035
916600,12853,1035
916700,12859,1036
916800,12860,1036
916900,12868,1036
917000,12872,1036
917100,12876,1036
917200,12882,1037
917300,12883,1037
917400,12891,1037
917500,12891,1037
917600,12899,1037
917700,12907,1037
917800,12907,1037
917900,12915,1037
918000,12915,1038
918100,12921,1039
918200,12926,1039
918300,12929,1039
918400,12932,1041
918500,12936,1041
918600,12943,1041
918700,12943,1042
918800,12949,1043
918900,12957,1043
919000,12957,1043
919100,12960,1045
919200,12971,1045
919300,12971,1045
919400,12971,1046
919500,12982,1046
919600,12986,1046
919700,12986,1046
919800,12994,1046
919900,13001,1047
920000,13001,1047
920100,13005,1047
920200,13017,1047
920300,13017,1047
920400,13018,1047
920500,13025,1047
920600,13033,1047
920700,13033,1047
920800,13036,1049
920900,13047,1049
921000,13047,1049
921100,13047,1050
921200,13061,1051
921300,13061,1051
921400,13061,1051
921500,13064,1053
921600,13075,1053
921700,13075,1053
921800,13075,1053
921900,13089,1055
922000,13089,1055
922100,13089,1055
922200,13092,1056
922300,13104,1056
922400,13104,1056
922500,13104,1056
922600,13119,1057
922700,13119,1057
922800,13119,1057
922900,13127,1057
923000,13135,1057
923100,13135,1057
923200,13139,1057
923300,13151,1057
923400,13151,1057
923500,13151,1057
923600,13165,1059
923700,13165,1059
923800,13165,1059
923900,13168,1061
924000,13179,1061
924100,13179,1061
924200,13179,1061
924300,13193,1063
924400,13193,1063
924500,13193,1063
924600,13204,1065
924700,13207,1065
924800,13207,1065
924900,13211,1065
925000,13222,1066
925100,13222,1066
925200,13222,1066
925300,13233,1067
925400,13237,1067
925500,13237,1067
925600,13244,1067
925700,13253,1067
925800,13253,1067
925900,13257,1067
926000,13269,1067
926100,13269,1067
926200,13269,1067
926300,13280,1068
926400,13283,1069
926500,13283,1069
926600,13291,1069
926700,13297,1071
926800,13297,1071
926900,13301,1071
927000,13308,1072
927100,13311,1073
927200,13311,1073
927300,13319,1073
927400,13325,1075
927500,13325,1075
927600,13333,1075
927700,13334,1076
927800,13340,1076
927900,13344,1076
928000,13347,1077
928100,13355,1077
928200,13355,1077
928300,13363,1077
928400,13371,1077
928500,13371,1077
928600,13377,1077
928700,13383,1077
928800,13387,1077
928900,13391,1077
929000,13395,1077
929100,13401,1079
929200,13403,1079
929300,13409,1079
929400,13409,1080
929500,13415,1081
929600,13423,1081
929700,13423,1081
929800,13429,1083
929900,13433,1083
930000,13437,1083
930100,13437,1084
930200,13446,1085
930300,13451,1085
930400,13451,1085
930500,13458,1086
930600,13462,1087
930700,13465,1087
930800,13469,1087
930900,13477,1087
931000,13481,1087
931100,13481,1087
931200,13490,1087
931300,13497,1087
931400,13497,1087
931500,13505,1087
931600,13512,1087
931700,13513,1087
931800,13513,1088
931900,13523,1089
932000,13527,1089
932100,13527,1089
932200,13537,1091
932300,13541,1091
932400,13541,1091
932500,13541,1092
932600,13555,1093
932700,13555,1093
932800,13555,1093
932900,13562,1095
933000,13569,1095
933100,13569,1095
933200,13573,1096
933300,13583,1097
933400,13583,1097
933500,13583,1097
933600,13595,1097
933700,13599,1097
933800,13599,1097
933900,13607,1097
934000,13615,1097
934100,13615,1097
934200,13619,1097
934300,13631,1097
934400,13631,1097
934500,13631,1097
934600,13642,1099
934700,13645,1099
934800,13645,1099
934900,13649,1099
935000,13659,1101
935100,13659,1101
935200,13663,1101
935300,13670,1103
935400,13673,1103
935500,13677,1103
935600,13681,1103
935700,13687,1105
935800,13687,1105
935900,13691,1105
936000,13697,1107
936100,13701,1107
936200,13705,1107
936300,13709,1107
936400,13717,1107
936500,13719,1107
936600,13721,1107
936700,13733,1107
936800,13733,1107
936900,13737,1107
937000,13745,1107
937100,13749,1107
937200,13753,1107
937300,13757,1107
937400,13763,1109
937500,13767,1109
937600,13769,1109
937700,13774,1111
937800,13777,1111
937900,13781,1111
938000,13785,1111
938100,13791,1113
938200,13795,1113
938300,13799,1113
938400,13802,1114
938500,13809,1115
938600,13809,1115
938700,13812,1116
938800,13819,1117
938900,13823,1117
939000,13827,1117
939100,13831,1117
939200,13839,1117
939300,13843,1117
939400,13847,1117
939500,13855,1117
939600,13855,1117
939700,13859,1117
939800,13867,1117
939900,13871,1117
940000,13875,1117
940100,13878,1119
940200,13885,1119
940300,13889,1120
940400,13889,1120
940500,13899,1122
940600,13901,1122
940700,13903,1122
940800,13909,1123
940900,13913,1124
941000,13917,1124
941100,13917,1124
941200,13927,1126
941300,13930,1127
941400,13930,1127
941500,13934,1128
941600,13941,1128
941700,13945,1128
941800,13949,1128
941900,13957,1128
942000,13961,1128
942100,13961,1128
942200,13972,1128
942300,13977,1128
942400,13977,1128
942500,13983,1128
942600,13989,1128
942700,13993,1128
942800,13997,1128
942900,14000,1130
943000,14008,1130
943100,14008,1130
943200,14012,1130
943300,14022,1132
943400,14022,1132
943500,14026,1132
943600,14029,1134
943700,14036,1134
943800,14040,1134
943900,14040,1134
944000,14049,1137
944100,14049,1137
944200,14052,1138
944300,14057,1139
944400,14063,1139
944500,14067,1139
944600,14067,1139
944700,14079,1139
944800,14083,1139
944900,14083,1139
945000,14095,1139
945100,14095,1139
945200,14099,1139
945300,14107,1139
945400,14111,1139
945500,14115,1139
945600,14115,1139
945700,14125,1142
945800,14125,1143
945900,14128,1143
946000,14135,1144
946100,14138,1145
946200,14142,1145
946300,14146,1145
946400,14152,1147
946500,14156,1147
946600,14156,1147
946700,14162,1149
946800,14165,1150
946900,14169,1150
947000,14173,1150
947100,14180,1151
947200,14184,1151
947300,14184,1151
947400,14192,1151
947500,14200,1151
947600,14200,1151
947700,14208,1151
947800,14216,1151
947900,14216,1151
948000,14220,1151
948100,14228,1151
948200,14232,1151
948300,14236,1152
948400,14239,1153
948500,14246,1154
948600,14246,1154
948700,14250,1154
948800,14260,1156
948900,14260,1156
949000,14264,1156
949100,14267,1157
949200,14274,1158
949300,14274,1159
949400,14277,1159
949500,14287,1161
949600,14287,1161
949700,14291,1161
949800,14298,1162
949900,14302,1162
950000,14306,1162
950100,14306,1162
950200,14318,1162
950300,14318,1162
950400,14322,1162
950500,14333,1162
950600,14334,1162
950700,14338,1162
950800,14346,1162
950900,14350,1162
951000,14354,1163
951100,14358,1163
951200,14364,1165
951300,14368,1165
951400,14368,1165
951500,14375,1166
951600,14378,1167
951700,14382,1167
951800,14386,1167
951900,14392,1169
952000,14395,1170
952100,14398,1170
952200,14402,1171
952300,14405,1172
952400,14409,1172
952500,14413,1172
952600,14420,1173
952700,14424,1173
952800,14428,1173
952900,14432,1173
953000,14440,1173
953100,14444,1173
953200,14444,1173
953300,14452,1173
953400,14456,1173
953500,14460,1173
953600,14468,1173
953700,14473,1173
953800,14477,1173
953900,14477,1174
954000,14487,1175
954100,14491,1175
954200,14491,1175
954300,14501,1177
954400,14503,1177
954500,14505,1177
954600,14505,1178
954700,14514,1180
954800,14518,1180
954900,14518,1180
955000,14524,1182
955100,14532,1182
955200,14532,1182
955300,14532,1183
955400,14542,1184
955500,14546,1184
955600,14546,1184
955700,14556,1184
955800,14562,1184
955900,14562,1184
956000,14570,1184
956100,14578,1184
956200,14578,1184
956300,14582,1185
956400,14593,1186
956500,14593,1186
956600,14593,1186
956700,14600,1187
956800,14607,1188
956900,14607,1188
957000,14611,1189
957100,14621,1190
957200,14621,1190
957300,14621,1190
957400,14631,1192
957500,14634,1193
957600,14634,1193
957700,14638,1194
957800,14648,1195
957900,14648,1195
958000,14648,1195
958100,14659,1196
958200,14663,1196
958300,14663,1196
958400,14675,1196
958500,14679,1196
958600,14679,1196
958700,14683,1196
958800,14695,1196
958900,14695,1196
959000,14699,1197
959100,14706,1198
959200,14710,1198
959300,14710,1198
959400,14718,1198
959500,14724,1200
959600,14724,1200
959700,14732,1200
959800,14735,1201
959900,14738,1202
960000,14738,1203
960100,14745,1203
960200,14751,1205
960300,14751,1205
960400,14759,1205
960500,14762,1206
960600,14765,1207
960700,14772,1207
960800,14773,1207
960900,14780,1208
961000,14780,1208
961100,14788,1208
961200,14792,1208
961300,14796,1208
961400,14804,1208
961500,14807,1208
961600,14812,1208
961700,14820,1208
961800,14820,1208
961900,14828,1208
962000,14832,1208
962100,14836,1208
962200,14839,1209
962300,14842,1210
962400,14850,1210
962500,14850,1210
962600,14856,1212
962700,14860,1213
962800,14863,1213
962900,14865,1214
963000,14869,1215
963100,14877,1215
963200,14877,1215
963300,14883,1217
963400,14891,1217
963500,14891,1217
963600,14893,1218
963700,14905,1218
963800,14906,1218
963900,14906,1218
964000,14917,1218
964100,14922,1218
964200,14922,1218
964300,14930,1218
964400,14938,1218
964500,14938,1218
964600,14942,1218
964700,14954,1218
964800,14954,1218
964900,14954,1218
965000,14964,1220
965100,14968,1220
965200,14968,1220
965300,14969,1221
965400,14981,1223
965500,14981,1223
965600,14981,1223
965700,14991,1225
965800,14995,1225
965900,14995,1225
966000,14999,1226
966100,15009,1227
966200,15009,1227
966300,15009,1227
966400,15024,1228
966500,15024,1228
966600,15024,1228
966700,15032,1228
966800,15040,1228
966900,15040,1228
967000,15044,1228
967100,15056,1228
967200,15056,1228
967300,15056,1228
967400,15072,1228
967500,15072,1228
967600,15072,1228
967700,15080,1229
967800,15086,1230
967900,15086,1230
968000,15090,1230
968100,15099,1233
968200,15099,1233
968300,15099,1233
968400,15104,1234
968500,15113,1235
968600,15113,1235
968700,15117,1235
968800,15124,1237
968900,15127,1237
969000,15131,1237
969100,15135,1238
969200,15142,1238
969300,15145,1238
969400,15150,1238
969500,15158,1238
969600,15158,1238
969700,15162,1238
969800,15170,1238
969900,15174,1238
970000,15178,1238
970100,15185,1238
970200,15190,1238
970300,15194,1238
970400,15198,1238
970500,15201,1240
970600,15204,1240
970700,15208,1240
970800,15211,1242
970900,15217,1243
971000,15221,1243
971100,15225,1243
971200,15228,1245
971300,15235,1245
971400,15236,1245
971500,15239,1246
971600,15245,1247
971700,15249,1247
971800,15253,1247
971900,15256,1248
972000,15264,1248
972100,15268,1248
972200,15272,1248
972300,15280,1248
972400,15284,1248
972500,15284,1248
972600,15292,1248
972700,15296,1248
972800,15300,1248
972900,15308,1248
973000,15312,1248
973100,15316,1248
973200,15316,1249
973300,15326,1250
973400,15326,1251
973500,15329,1251
973600,15332,1253
973700,15339,1253
973800,15343,1253
973900,15343,1254
974000,15353,1255
974100,15357,1255
974200,15357,1255
974300,15364,1257
974400,15371,1257
974500,15371,1257
974600,15375,1257
974700,15382,1258
974800,15386,1258
974900,15386,1258
975000,15398,1258
975100,15402,1258
975200,15402,1258
975300,15410,1258
975400,15418,1258
975500,15418,1258
975600,15422,1258
975700,15430,1258
975800,15434,1258
975900,15434,1258
976000,15441,1260
976100,15447,1261
976200,15447,1261
976300,15451,1261
976400,15457,1263
976500,15461,1263
976600,15465,1263
976700,15468,1265
976800,15475,1265
976900,15475,1265
977000,15479,1265
977100,15489,1267
977200,15489,1267
977300,15493,1267
977400,15500,1268
977500,15504,1268
977600,15508,1268
977700,15508,1268
977800,15520,1268
977900,15520,1268
978000,15524,1268
978100,15536,1268
978200,15536,1268
978300,15540,1268
978400,15548,1268
978500,15552,1268
978600,15556,1268
978700,15556,1268
978800,15565,1271
978900,15565,1271
979000,15569,1271
979100,15576,1272
979200,15579,1273
979300,15583,1273
979400,15583,1273
979500,15593,1275
979600,15597,1275
979700,15597,1275
979800,15604,1276
979900,15611,1277
980000,15611,1277
980100,15615,1277
980200,15622,1278
980300,15626,1278
980400,15630,1278
980500,15634,1278
980600,15642,1278
980700,15642,1278
980800,15650,1278
980900,15658,1278
981000,15658,1278
981100,15662,1278
981200,15670,1278
981300,15674,1278
981400,15674,1279
981500,15680,1281
981600,15687,1281
981700,15687,1281
981800,15691,1281
981900,15701,1283
982000,15701,1283
982100,15705,1283
982200,15705,1284
982300,15715,1285
982400,15715,1285
982500,15719,1285
982600,15726,1287
982700,15729,1287
982800,15733,1287
982900,15737,1288
983000,15744,1288
983100,15748,1288
983200,15752,1288
983300,15760,1288
983400,15764,1288
983500,15764,1288
983600,15772,1288
983700,15776,1288
983800,15780,1288
983900,15784,1288
984000,15792,1288
984100,15795,1289
984200,15797,1289
984300,15802,1291
984400,15805,1291
984500,15809,1291
984600,15813,1291
984700,15819,1293
984800,15823,1293
984900,15827,1293
985000,15830,1295
985100,15837,1295
985200,15841,1295
985300,15841,1295
985400,15850,1297
985500,15851,1297
985600,15855,1297
985700,15858,1298
985800,15866,1298
985900,15870,1298
986000,15870,1298
986100,15882,1298
986200,15886,1298
986300,15886,1298
986400,15891,1298
986500,15898,1298
986600,15902,1298
986700,15906,1298
986800,15913,1299
986900,15917,1299
987000,15917,1299
987100,15923,1301
987200,15931,1301
987300,15931,1301
987400,15934,1302
987500,15942,1303
987600,15945,1303
987700,15945,1303
987800,15955,1305
987900,15959,1305
988000,15959,1305
988100,15966,1306
988200,15973,1307
988300,15973,1307
988400,15973,1307
988500,15988,1308
988600,15988,1308
988700,15988,1308
988800,15996,1308
988900,16004,1308
989000,16004,1308
989100,16008,1308
989200,16020,1308
989300,16020,1308
989400,16020,1308
989500,16035,1309
989600,16035,1309
989700,16035,1309
989800,16039,1310
989900,16049,1311
990000,16049,1311
990100,16049,1311
990200,16060,1313
990300,16063,1313
990400,16063,1313
990500,16071,1314
990600,16077,1315
990700,16077,1315
990800,16081,1315
990900,16088,1317
991000,16091,1317
991100,16091,1317
991200,16099,1317
991300,16106,1318
991400,16106,1318
991500,16114,1318
991600,16122,1318
991700,16122,1318
991800,16126,1318
991900,16134,1318
992000,16138,1318
992100,16138,1318
992200,16145,1319
992300,16153,1319
992400,16153,1319
992500,16161,1319
992600,16164,1321
992700,16167,1321
992800,16169,1321
992900,16175,1321
993000,16181,1323
993100,16181,1323
993200,16189,1323
993300,16192,1325
993400,16195,1325
993500,16203,1325
993600,16203,1325
993700,16209,1327
993800,16216,1327
993900,16217,1327
994000,16220,1328
994100,16224,1328
994200,16232,1328
994300,16232,1328
994400,16240,1328
994500,16248,1328
994600,16248,1328
994700,16256,1328
994800,16257,1329
994900,16263,1329
995000,16270,1329
995100,16271,1329
995200,16279,1329
995300,16279,1329
995400,16285,1331
995500,16293,1331
995600,16293,1331
995700,16293,1332
995800,16307,1333
995900,16307,1333
996000,16307,1333
996100,16313,1335
996200,16321,1335
996300,16321,1335
996400,16321,1336
996500,16335,1337
996600,16335,1337
996700,16335,1337
996800,16348,1338
996900,16350,1338
997000,16350,1338
997100,16354,1338
997200,16366,1338
997300,16366,1338
997400,16366,1338
997500,16378,1339
997600,16381,1339
997700,16381,1339
997800,16393,1339
997900,16397,1339
998000,16397,1339
998100,16397,1340
998200,16411,1341
998300,16411,1341
998400,16411,1341
998500,16423,1343
998600,16425,1343
998700,16425,1343
998800,16429,1344
998900,16439,1345
999000,16439,1345
999100,16443,1345
999200,16450,1347
999300,16453,1347
999400,16453,1347
999500,16461,1348
999600,16468,1348
999700,16468,1348
999800,16472,1348
999900,16484,1348
